uuid,name,description,class,shortname,datatype,units,High Normal,Low Normal,Allow Decimal,locale,synonym.1,answer.1,reference-term-source,reference-term-code,reference-term-relationship
,Atrial Fibrillation,,Diagnosis,,N/A,,,,,,,,,,
,Premature Ejaculation,,Diagnosis,,N/A,,,,,,,,,,
,Pain Abdomen,,Diagnosis,,N/A,,,,,,,,,,
,Constipation,,Diagnosis,,N/A,,,,,,,,,,
,Dental Caries,,Diagnosis,,N/A,,,,,,,,,,
,Epistaxis,,Diagnosis,,N/A,,,,,,,,,,
,Headache,,Diagnosis,,N/A,,,,,,,,,,
,Erectile Dysfunction,,Diagnosis,,N/A,,,,,,,,,,
,Obesity,,Diagnosis,,N/A,,,,,,,,,,
,Depression,,Diagnosis,,N/A,,,,,,,,,,
,Goiter,,Diagnosis,,N/A,,,,,,,,,,
,Mitral Stenosis,,Diagnosis,,N/A,,,,,,,,,,
,Osteoarthritis,,Diagnosis,,N/A,,,,,,,,,,
,Reactive Arthritis,,Diagnosis,,N/A,,,,,,,,,,
,Stroke,,Diagnosis,,N/A,,,,,,,,,,
,Insomnia,,Diagnosis,,N/A,,,,,,,,,,
,Aortic Stenosis,,Diagnosis,,N/A,,,,,,,,,,
,Congestive Heart Failure,,Diagnosis,,N/A,,,,,,,,,,
,Dyslipidemia,,Diagnosis,,N/A,,,,,,,,,,
,Heart Failure,,Diagnosis,,N/A,,,,,,,,,,
,Hyperparathyroidism,,Diagnosis,,N/A,,,,,,,,,,
,Hypertension,,Diagnosis,,N/A,,,,,,,,,,
,Malnutrition,,Diagnosis,,N/A,,,,,,,,,,
,Obstructive Sleep Apnea,,Diagnosis,,N/A,,,,,,,,,,
,Ante Natal Case,,Diagnosis,,N/A,,,,,,,,,,
,Prehypertension,,Diagnosis,,N/A,,,,,,,,,,
,Diabetic Foot,,Diagnosis,,N/A,,,,,,,,,,
,Deafness,,Diagnosis,,N/A,,,,,,,,,,
,Psychosis,,Diagnosis,,N/A,,,,,,,,,,
,Dementia,,Diagnosis,,N/A,,,,,,,,,,
,"Abcess, Breast",,Diagnosis,,N/A,,,,,,,,,,
,"Abcess, Peritonsillar",,Diagnosis,,N/A,,,,,,,,,,
,"Abcess, Psoas",,Diagnosis,,N/A,,,,,,,,,,
,"Abortion, Unspec",,Diagnosis,,N/A,,,,,,,,,,
,"Abortion, Incomplete",,Diagnosis,,N/A,,,,,,,,,,
,"Abortion, Spontaneous",,Diagnosis,,N/A,,,,,,,,,,
,"Abrasion, Cornea",,Diagnosis,,N/A,,,,,,,,,,
,Abruptioplacentae,,Diagnosis,,N/A,,,,,,,,,,
,Acid Peptic Disease,,Diagnosis,,N/A,,,,,,,,,,
,Acne Conglobata,,Diagnosis,,N/A,,,,,,,,,,
,Acne Vulgaris,,Diagnosis,,N/A,,,,,,,,,,
,Acute Abdomen,,Diagnosis,,N/A,,,,,,,,,,
,Acute Chest Syndrome,,Diagnosis,,N/A,,,,,,,,,,
,Acute Gastroentritis,,Diagnosis,,N/A,,,,,,,,,,
,Acute Lymphoblastic Leukemia,,Diagnosis,,N/A,,,,,,,,,,
,Acute Respiratory Distress Syndrome,,Diagnosis,,N/A,,,,,,,,,,
,Adenoiditis,,Diagnosis,,N/A,,,,,,,,,,
,Adenomyosis,,Diagnosis,,N/A,,,,,,,,,,
,Alchoholism,,Diagnosis,,N/A,,,,,,,,,,
,Alcoholic Liver Disease,,Diagnosis,,N/A,,,,,,,,,,
,Alcoholism,,Diagnosis,,N/A,,,,,,,,,,
,Allergic Rhinitis,,Diagnosis,,N/A,,,,,,,,,,
,Alopecia,,Diagnosis,,N/A,,,,,,,,,,
,Alzheimer'S Disease,,Diagnosis,,N/A,,,,,,,,,,
,"Amenorrhea, Primary",,Diagnosis,,N/A,,,,,,,,,,
,"Amenorrhea, Secondary",,Diagnosis,,N/A,,,,,,,,,,
,"Amenorrhoea, Lactational",,Diagnosis,,N/A,,,,,,,,,,
,Amoebiasis,,Diagnosis,,N/A,,,,,,,,,,
,Anaphylactic Shock,,Diagnosis,,N/A,,,,,,,,,,
,"Anemia, Acute, Mild",,Diagnosis,,N/A,,,,,,,,,,
,"Anemia, Acute, Moderate",,Diagnosis,,N/A,,,,,,,,,,
,"Anemia, Acute, Severe",,Diagnosis,,N/A,,,,,,,,,,
,"Anemia, Chronic, Mild",,Diagnosis,,N/A,,,,,,,,,,
,"Anemia, Chronic, Moderate",,Diagnosis,,N/A,,,,,,,,,,
,"Anemia, Chronic, Severe",,Diagnosis,,N/A,,,,,,,,,,
,"Anemia, Hemolytic",,Diagnosis,,N/A,,,,,,,,,,
,"Anemia, Iron Deficiency",,Diagnosis,,N/A,,,,,,,,,,
,"Anemia, Nutritional",,Diagnosis,,N/A,,,,,,,,,,
,"Anemia, Vit B12 Deficiency",,Diagnosis,,N/A,,,,,,,,,,
,Angina Pectoris,,Diagnosis,,N/A,,,,,,,,,,
,"Angina Pectoris, Stable",,Diagnosis,,N/A,,,,,,,,,,
,"Angina Pectoris, Unstable",,Diagnosis,,N/A,,,,,,,,,,
,Ankylosing Spondylitis,,Diagnosis,,N/A,,,,,,,,,,
,Anorectal Malformation,,Diagnosis,,N/A,,,,,,,,,,
,"Anorectal Malformation, High",,Diagnosis,,N/A,,,,,,,,,,
,Anorexia Nervosa,,Diagnosis,,N/A,,,,,,,,,,
,Anxiety Disorder,,Diagnosis,,N/A,,,,,,,,,,
,Anxiety State,,Diagnosis,,N/A,,,,,,,,,,
,Aortic Aneurysm,,Diagnosis,,N/A,,,,,,,,,,
,Aortic Regurgitation,,Diagnosis,,N/A,,,,,,,,,,
,Aphthous Ulcer,,Diagnosis,,N/A,,,,,,,,,,
,"Appendicitis, Acute",,Diagnosis,,N/A,,,,,,,,,,
,"Appendicitis, Chronic",,Diagnosis,,N/A,,,,,,,,,,
,Aquired Immunodefeciency Syndrome,,Diagnosis,,N/A,,,,,,,,,,
,"Arthritis, Psoriatic",,Diagnosis,,N/A,,,,,,,,,,
,Atrial Flutter,,Diagnosis,,N/A,,,,,,,,,,
,"Atrial Septal Defect, Large",,Diagnosis,,N/A,,,,,,,,,,
,"Atrial Septal Defect, Small",,Diagnosis,,N/A,,,,,,,,,,
,"Atrial Septal Defect, Unspec.",,Diagnosis,,N/A,,,,,,,,,,
,Attention Defecit Hyperkinetic DisordeR,,Diagnosis,,N/A,,,,,,,,,,
,"Avascular Necrosis, Hip",,Diagnosis,,N/A,,,,,,,,,,
,Bacterial Vaginosis,,Diagnosis,,N/A,,,,,,,,,,
,Bartholin'S Cyst,,Diagnosis,,N/A,,,,,,,,,,
,Bell'S Palsy,,Diagnosis,,N/A,,,,,,,,,,
,Benign Paroxysmal Positional Vertigo,,Diagnosis,,N/A,,,,,,,,,,
,Benign Prostatic Hypertrophy,,Diagnosis,,N/A,,,,,,,,,,
,Benign Prostatic Hypertrophy With Obstruction,,Diagnosis,,N/A,,,,,,,,,,
,Birth Asphysia,,Diagnosis,,N/A,,,,,,,,,,
,Birth Trauma,,Diagnosis,,N/A,,,,,,,,,,
,"Bite, Insect",,Diagnosis,,N/A,,,,,,,,,,
,Blunt Trauma,,Diagnosis,,N/A,,,,,,,,,,
,Bronchial Asthma,,Diagnosis,,N/A,,,,,,,,,,
,"Bronchial Asthma, Acute Exacerbation",,Diagnosis,,N/A,,,,,,,,,,
,Bronchieactasis,,Diagnosis,,N/A,,,,,,,,,,
,"Bronchiectasis, Post Tuberculosis",,Diagnosis,,N/A,,,,,,,,,,
,Bronchiolitis,,Diagnosis,,N/A,,,,,,,,,,
,"Bronchitis, Acute",,Diagnosis,,N/A,,,,,,,,,,
,"Bronchitis, Allergic",,Diagnosis,,N/A,,,,,,,,,,
,"Bronchitis, Chronic",,Diagnosis,,N/A,,,,,,,,,,
,Buerger's Disease,,Diagnosis,,N/A,,,,,,,,,,
,Bulimia Nervosa,,Diagnosis,,N/A,,,,,,,,,,
,"Calculus, Renal",,Diagnosis,,N/A,,,,,,,,,,
,"Calculus, Ureteric",,Diagnosis,,N/A,,,,,,,,,,
,"Calculus, Vesical",,Diagnosis,,N/A,,,,,,,,,,
,"Candidiasis, Oral Cavity",,Diagnosis,,N/A,,,,,,,,,,
,"Candidiasis, Vagina",,Diagnosis,,N/A,,,,,,,,,,
,Carcinoma Breast,,Diagnosis,,N/A,,,,,,,,,,
,"Carcinoma In Situ, Penis",,Diagnosis,,N/A,,,,,,,,,,
,"Carcinoma In Situ, Prostate",,Diagnosis,,N/A,,,,,,,,,,
,"Carcinoma, Bladder",,Diagnosis,,N/A,,,,,,,,,,
,"Carcinoma, Cervix",,Diagnosis,,N/A,,,,,,,,,,
,"Carcinoma, Colon",,Diagnosis,,N/A,,,,,,,,,,
,"Carcinoma, Esophagus",,Diagnosis,,N/A,,,,,,,,,,
,"Carcinoma, Larynx",,Diagnosis,,N/A,,,,,,,,,,
,"Carcinoma, Oral Cavity",,Diagnosis,,N/A,,,,,,,,,,
,"Carcinoma, Stomach",,Diagnosis,,N/A,,,,,,,,,,
,"Carcinoma, Thyroid",,Diagnosis,,N/A,,,,,,,,,,
,"Carcinoma, Tongue",,Diagnosis,,N/A,,,,,,,,,,
,Cardiomyopathy,,Diagnosis,,N/A,,,,,,,,,,
,"Cardiomyopathy, Ischemic",,Diagnosis,,N/A,,,,,,,,,,
,Carpal Tunnel Syndrome,,Diagnosis,,N/A,,,,,,,,,,
,Cataract,,Diagnosis,,N/A,,,,,,,,,,
,"Cataract, Immature",,Diagnosis,,N/A,,,,,,,,,,
,"Cataract, Mature",,Diagnosis,,N/A,,,,,,,,,,
,Cellulitis,,Diagnosis,,N/A,,,,,,,,,,
,Cerumen Impaction,,Diagnosis,,N/A,,,,,,,,,,
,Cervical Erosion,,Diagnosis,,N/A,,,,,,,,,,
,"Cervical Intraepithelial Neoplasia, Unspec.",,Diagnosis,,N/A,,,,,,,,,,
,Cervical Intraepithelial Neoplasia-I,,Diagnosis,,N/A,,,,,,,,,,
,Cervical Intraepithelial Neoplasia-II,,Diagnosis,,N/A,,,,,,,,,,
,Cervical Intraepithelial Neoplasia-III,,Diagnosis,,N/A,,,,,,,,,,
,Cervical Polyp,,Diagnosis,,N/A,,,,,,,,,,
,Cervical Spondylosis,,Diagnosis,,N/A,,,,,,,,,,
,Cervicitis,,Diagnosis,,N/A,,,,,,,,,,
,"Cholecystitis, Acute",,Diagnosis,,N/A,,,,,,,,,,
,"Cholecystitis, Chronic",,Diagnosis,,N/A,,,,,,,,,,
,"Cholecystitis, Unspec.",,Diagnosis,,N/A,,,,,,,,,,
,Cholelithiasis,,Diagnosis,,N/A,,,,,,,,,,
,Cholera,,Diagnosis,,N/A,,,,,,,,,,
,Chronic Liver Disease,,Diagnosis,,N/A,,,,,,,,,,
,"Chronic Liver Disease, Hepatitis B",,Diagnosis,,N/A,,,,,,,,,,
,"Chronic Liver Disease, Hepatitis C",,Diagnosis,,N/A,,,,,,,,,,
,Chronic Myeloid Leukemia,,Diagnosis,,N/A,,,,,,,,,,
,Chronic Obstructive Pulmonary Disease,,Diagnosis,,N/A,,,,,,,,,,
,Cleft Lip,,Diagnosis,,N/A,,,,,,,,,,
,Cocaine Abuse,,Diagnosis,,N/A,,,,,,,,,,
,Cold Injury,,Diagnosis,,N/A,,,,,,,,,,
,Condyloma Acuminata,,Diagnosis,,N/A,,,,,,,,,,
,Conjunctivitis,,Diagnosis,,N/A,,,,,,,,,,
,"Conjunctivitis, Bacterial",,Diagnosis,,N/A,,,,,,,,,,
,"Conjunctivitis, Viral",,Diagnosis,,N/A,,,,,,,,,,
,Contact Dermatitis Allergic,,Diagnosis,,N/A,,,,,,,,,,
,Cor Pulmonale,,Diagnosis,,N/A,,,,,,,,,,
,Corneal Ulcer,,Diagnosis,,N/A,,,,,,,,,,
,Corns,,Diagnosis,,N/A,,,,,,,,,,
,Crohn'S Disease,,Diagnosis,,N/A,,,,,,,,,,
,Cushing Syndrome,,Diagnosis,,N/A,,,,,,,,,,
,"Cyanotic Heart Disease, Congenital",,Diagnosis,,N/A,,,,,,,,,,
,Cystitis,,Diagnosis,,N/A,,,,,,,,,,
,"Cystitis, Chronic",,Diagnosis,,N/A,,,,,,,,,,
,Dandy-Walker Syndrome,,Diagnosis,,N/A,,,,,,,,,,
,Deep Vein Thrombosis,,Diagnosis,,N/A,,,,,,,,,,
,Dehydration,,Diagnosis,,N/A,,,,,,,,,,
,Delirium,,Diagnosis,,N/A,,,,,,,,,,
,Delirium Tremers,,Diagnosis,,N/A,,,,,,,,,,
,"Dementia, Senile",,Diagnosis,,N/A,,,,,,,,,,
,Dental Abcess,,Diagnosis,,N/A,,,,,,,,,,
,"Depression, Mild",,Diagnosis,,N/A,,,,,,,,,,
,"Depression, Moderate",,Diagnosis,,N/A,,,,,,,,,,
,"Depression, Severe",,Diagnosis,,N/A,,,,,,,,,,
,Dermatitis,,Diagnosis,,N/A,,,,,,,,,,
,"Dermatitis, Atopic",,Diagnosis,,N/A,,,,,,,,,,
,"Dermatitis, Seborrheic",,Diagnosis,,N/A,,,,,,,,,,
,Dermatomycosis,,Diagnosis,,N/A,,,,,,,,,,
,Dermatophytosis,,Diagnosis,,N/A,,,,,,,,,,
,Diabetes Insipidus,,Diagnosis,,N/A,,,,,,,,,,
,Diabetes Mellitus,,Diagnosis,,N/A,,,,,,,,,,
,"Diabetes Mellitus, Type 1",,Diagnosis,,N/A,,,,,,,,,,
,"Diabetes Mellitus, Type 2",,Diagnosis,,N/A,,,,,,,,,,
,"Diabetes Mellitus, Uncomplicated",,Diagnosis,,N/A,,,,,,,,,,
,"Diabetes Mellitus, With Complications",,Diagnosis,,N/A,,,,,,,,,,
,Diaper Rash,,Diagnosis,,N/A,,,,,,,,,,
,Diarrhoea,,Diagnosis,,N/A,,,,,,,,,,
,Discoid Lupus Erythematosis,,Diagnosis,,N/A,,,,,,,,,,
,"Dislocation, Knee, Complete",,Diagnosis,,N/A,,,,,,,,,,
,"Dislocation, Knee, Partial",,Diagnosis,,N/A,,,,,,,,,,
,Disseminated Intravascular Coagulation,,Diagnosis,,N/A,,,,,,,,,,
,Diverticulosis,,Diagnosis,,N/A,,,,,,,,,,
,"Diverticulosis, Colon",,Diagnosis,,N/A,,,,,,,,,,
,Dog Bite,,Diagnosis,,N/A,,,,,,,,,,
,"Dog Bite, Grade 1",,Diagnosis,,N/A,,,,,,,,,,
,"Dog Bite, Grade 2",,Diagnosis,,N/A,,,,,,,,,,
,"Dog Bite, Grade 3",,Diagnosis,,N/A,,,,,,,,,,
,Down'S Syndrome,,Diagnosis,,N/A,,,,,,,,,,
,Drug Reation,,Diagnosis,,N/A,,,,,,,,,,
,Duodenal Ulcer,,Diagnosis,,N/A,,,,,,,,,,
,Dysfunctional Uterine Bleeding,,Diagnosis,,N/A,,,,,,,,,,
,Dysmenorrhea,,Diagnosis,,N/A,,,,,,,,,,
,Ear Wax,,Diagnosis,,N/A,,,,,,,,,,
,Eclampsia,,Diagnosis,,N/A,,,,,,,,,,
,Ectopic Pregnancy,,Diagnosis,,N/A,,,,,,,,,,
,Eczema,,Diagnosis,,N/A,,,,,,,,,,
,Eczema Herpeticum,,Diagnosis,,N/A,,,,,,,,,,
,Emphysema,,Diagnosis,,N/A,,,,,,,,,,
,"Encephalocele, Unsepc.",,Diagnosis,,N/A,,,,,,,,,,
,Enchephalitis,,Diagnosis,,N/A,,,,,,,,,,
,Encopresis,,Diagnosis,,N/A,,,,,,,,,,
,Endometriosis,,Diagnosis,,N/A,,,,,,,,,,
,Enteric Fever,,Diagnosis,,N/A,,,,,,,,,,
,Epididymorchitis,,Diagnosis,,N/A,,,,,,,,,,
,Epilepsy,,Diagnosis,,N/A,,,,,,,,,,
,"Epilepsy, GTCS",,Diagnosis,,N/A,,,,,,,,,,
,Epispadias,,Diagnosis,,N/A,,,,,,,,,,
,Erythema Nodosum Laprosum,,Diagnosis,,N/A,,,,,,,,,,
,Esophagitis,,Diagnosis,,N/A,,,,,,,,,,
,Essential Tremor,,Diagnosis,,N/A,,,,,,,,,,
,"Exanthems, Viral",,Diagnosis,,N/A,,,,,,,,,,
,Fibroadenoma,,Diagnosis,,N/A,,,,,,,,,,
,Fibroadenosis,,Diagnosis,,N/A,,,,,,,,,,
,Fibroid Uterus,,Diagnosis,,N/A,,,,,,,,,,
,"Fibrosis, Lung",,Diagnosis,,N/A,,,,,,,,,,
,"Fissure, Anal",,Diagnosis,,N/A,,,,,,,,,,
,Fistula In Ano,,Diagnosis,,N/A,,,,,,,,,,
,"Fistula, Anal",,Diagnosis,,N/A,,,,,,,,,,
,"Fistula, Recto-Vaginal",,Diagnosis,,N/A,,,,,,,,,,
,Foetal Distress,,Diagnosis,,N/A,,,,,,,,,,
,Folliculitis,,Diagnosis,,N/A,,,,,,,,,,
,"Fracture, Lumbar Vertebrae",,Diagnosis,,N/A,,,,,,,,,,
,"Fracture, Thoracic Vertebrae",,Diagnosis,,N/A,,,,,,,,,,
,Frozen Shoulder,,Diagnosis,,N/A,,,,,,,,,,
,Galactorrhea,,Diagnosis,,N/A,,,,,,,,,,
,Ganglion Unspec.,,Diagnosis,,N/A,,,,,,,,,,
,Gangrene,,Diagnosis,,N/A,,,,,,,,,,
,Gastric Outlet Obstruction,,Diagnosis,,N/A,,,,,,,,,,
,Gastric Ulcer,,Diagnosis,,N/A,,,,,,,,,,
,Gastroesophageal Reflux Disease,,Diagnosis,,N/A,,,,,,,,,,
,"Gastrointestinal Hemorrhage, Lower",,Diagnosis,,N/A,,,,,,,,,,
,"Gastrointestinal Hemorrhage, Upper",,Diagnosis,,N/A,,,,,,,,,,
,Generalized Anxiety Disorder,,Diagnosis,,N/A,,,,,,,,,,
,"Germ Cell Tumor, Unspec.",,Diagnosis,,N/A,,,,,,,,,,
,Gestational Diabetes Mellitus,,Diagnosis,,N/A,,,,,,,,,,
,Giardiasis,,Diagnosis,,N/A,,,,,,,,,,
,Gilbert Syndrome,,Diagnosis,,N/A,,,,,,,,,,
,Glaucoma,,Diagnosis,,N/A,,,,,,,,,,
,Glomerulonephritis,,Diagnosis,,N/A,,,,,,,,,,
,"Glomerulonephritis, Acute",,Diagnosis,,N/A,,,,,,,,,,
,"Glomerulonephritis, Chronic",,Diagnosis,,N/A,,,,,,,,,,
,"Goitre, Euthyroid",,Diagnosis,,N/A,,,,,,,,,,
,"Goitre, Hyperthyroid",,Diagnosis,,N/A,,,,,,,,,,
,"Goitre, Hypothyroid",,Diagnosis,,N/A,,,,,,,,,,
,"Goitre, Solitary Thyroid Nodule",,Diagnosis,,N/A,,,,,,,,,,
,"Goitre, Unspec.",,Diagnosis,,N/A,,,,,,,,,,
,Gonorrhea,,Diagnosis,,N/A,,,,,,,,,,
,"Gout, Acute",,Diagnosis,,N/A,,,,,,,,,,
,"Gout, Chronic",,Diagnosis,,N/A,,,,,,,,,,
,Grave'S Disease,,Diagnosis,,N/A,,,,,,,,,,
,Guinea Worm Infestation,,Diagnosis,,N/A,,,,,,,,,,
,Gunshot Wound,,Diagnosis,,N/A,,,,,,,,,,
,Guot,,Diagnosis,,N/A,,,,,,,,,,
,Hashimoto'S Thyroiditis,,Diagnosis,,N/A,,,,,,,,,,
,Head Injury,,Diagnosis,,N/A,,,,,,,,,,
,"Headache, Cluster",,Diagnosis,,N/A,,,,,,,,,,
,"Headache, Tension Type",,Diagnosis,,N/A,,,,,,,,,,
,Hearing Impairment,,Diagnosis,,N/A,,,,,,,,,,
,"Heart Block, First Degree",,Diagnosis,,N/A,,,,,,,,,,
,"Heart Block, Second Degree",,Diagnosis,,N/A,,,,,,,,,,
,"Heart Block, Second Degree, Type 1",,Diagnosis,,N/A,,,,,,,,,,
,"Heart Block, Second Degree, Type 2",,Diagnosis,,N/A,,,,,,,,,,
,Heat Cramps,,Diagnosis,,N/A,,,,,,,,,,
,Heat Exhaustion,,Diagnosis,,N/A,,,,,,,,,,
,Heat Stroke,,Diagnosis,,N/A,,,,,,,,,,
,Hemopneumothorax,,Diagnosis,,N/A,,,,,,,,,,
,Hemorrhoids,,Diagnosis,,N/A,,,,,,,,,,
,"Hernia, Epigastric",,Diagnosis,,N/A,,,,,,,,,,
,"Hernia, Femoral",,Diagnosis,,N/A,,,,,,,,,,
,"Hernia, Hiatal",,Diagnosis,,N/A,,,,,,,,,,
,"Hernia, Inguinal",,Diagnosis,,N/A,,,,,,,,,,
,Herpes Zoster,,Diagnosis,,N/A,,,,,,,,,,
,Hirschsprung'S Disease,,Diagnosis,,N/A,,,,,,,,,,
,HIV Disease,,Diagnosis,,N/A,,,,,,,,,,
,Hordeolum,,Diagnosis,,N/A,,,,,,,,,,
,"Hydatid Cyst, Liver",,Diagnosis,,N/A,,,,,,,,,,
,"Hydatid Cyst, Lung",,Diagnosis,,N/A,,,,,,,,,,
,"Hydatid Cyst, Other Site",,Diagnosis,,N/A,,,,,,,,,,
,"Hydatid Cyst, Unspec",,Diagnosis,,N/A,,,,,,,,,,
,Hydrocele,,Diagnosis,,N/A,,,,,,,,,,
,"Hydrocephalus, Acquired",,Diagnosis,,N/A,,,,,,,,,,
,"Hydrocephalus, Congenital",,Diagnosis,,N/A,,,,,,,,,,
,Hydropneumothorax,,Diagnosis,,N/A,,,,,,,,,,
,Hyperemesis Gravidarum,,Diagnosis,,N/A,,,,,,,,,,
,Hyperkalemia,,Diagnosis,,N/A,,,,,,,,,,
,Hypermetropia,,Diagnosis,,N/A,,,,,,,,,,
,Hypernatremia,,Diagnosis,,N/A,,,,,,,,,,
,Hyperreactive Malarial Syndrome,,Diagnosis,,N/A,,,,,,,,,,
,Hypertensive Emergency,,Diagnosis,,N/A,,,,,,,,,,
,Hypertensive Heart Disease,,Diagnosis,,N/A,,,,,,,,,,
,Hypertensive Urgency,,Diagnosis,,N/A,,,,,,,,,,
,"Hyperthyroidism, Unsec.",,Diagnosis,,N/A,,,,,,,,,,
,Hypospadias,,Diagnosis,,N/A,,,,,,,,,,
,"Hypotension, Orthostatic",,Diagnosis,,N/A,,,,,,,,,,
,Hypothyroidism,,Diagnosis,,N/A,,,,,,,,,,
,Impaired Glucose Tolerance,,Diagnosis,,N/A,,,,,,,,,,
,Impotence,,Diagnosis,,N/A,,,,,,,,,,
,Infectious Mononucleosis,,Diagnosis,,N/A,,,,,,,,,,
,"Infertility, Primary",,Diagnosis,,N/A,,,,,,,,,,
,"Infertility, Seconday",,Diagnosis,,N/A,,,,,,,,,,
,Ingrowning Toe Nail,,Diagnosis,,N/A,,,,,,,,,,
,Interstitial Lung Disease,,Diagnosis,,N/A,,,,,,,,,,
,Irritable Bowl Syndrome,,Diagnosis,,N/A,,,,,,,,,,
,Ischemic Heart Disease,,Diagnosis,,N/A,,,,,,,,,,
,Juvenile Rheumatoid Arthritis,,Diagnosis,,N/A,,,,,,,,,,
,Keloid,,Diagnosis,,N/A,,,,,,,,,,
,"Keratosis, Palm",,Diagnosis,,N/A,,,,,,,,,,
,Klippel-Trenaunay Syndrome,,Diagnosis,,N/A,,,,,,,,,,
,Kyphosis,,Diagnosis,,N/A,,,,,,,,,,
,Laryngitis,,Diagnosis,,N/A,,,,,,,,,,
,Laryngotracheobronchitis (Croup),,Diagnosis,,N/A,,,,,,,,,,
,"Lepra Reaction, Type 1",,Diagnosis,,N/A,,,,,,,,,,
,"Leprosy, BB",,Diagnosis,,N/A,,,,,,,,,,
,"Leprosy, BT",,Diagnosis,,N/A,,,,,,,,,,
,"Leprosy, Lepromatous",,Diagnosis,,N/A,,,,,,,,,,
,"Leprosy, Pure Neuritic",,Diagnosis,,N/A,,,,,,,,,,
,"Leprosy, Tuberculoid",,Diagnosis,,N/A,,,,,,,,,,
,"Leprosy, Unspec.",,Diagnosis,,N/A,,,,,,,,,,
,Lipoma,,Diagnosis,,N/A,,,,,,,,,,
,Liver Cirrhosis,,Diagnosis,,N/A,,,,,,,,,,
,Long Qt Syndrome,,Diagnosis,,N/A,,,,,,,,,,
,Loss Of Vision,,Diagnosis,,N/A,,,,,,,,,,
,"Loss Of Vision, Both",,Diagnosis,,N/A,,,,,,,,,,
,Lumbar Spondylosis,,Diagnosis,,N/A,,,,,,,,,,
,Lupus Nephritis,,Diagnosis,,N/A,,,,,,,,,,
,Lyme'S Disease,,Diagnosis,,N/A,,,,,,,,,,
,"Lymphadenitis, Acute",,Diagnosis,,N/A,,,,,,,,,,
,"Lymphadenitis, Chronic",,Diagnosis,,N/A,,,,,,,,,,
,"Lymphadenitis, Tubercular",,Diagnosis,,N/A,,,,,,,,,,
,Madura Foot,,Diagnosis,,N/A,,,,,,,,,,
,Malaria,,Diagnosis,,N/A,,,,,,,,,,
,Measles,,Diagnosis,,N/A,,,,,,,,,,
,Meatal Stenosis,,Diagnosis,,N/A,,,,,,,,,,
,Meckel'S Diverticulum,,Diagnosis,,N/A,,,,,,,,,,
,Mediastinitis,,Diagnosis,,N/A,,,,,,,,,,
,"Melanoma, Malignant",,Diagnosis,,N/A,,,,,,,,,,
,"Meningitis, Aseptic",,Diagnosis,,N/A,,,,,,,,,,
,"Meningitis, Pyogenic",,Diagnosis,,N/A,,,,,,,,,,
,"Meningitis, Tubercular",,Diagnosis,,N/A,,,,,,,,,,
,"Meningitis, Unspec.",,Diagnosis,,N/A,,,,,,,,,,
,Meningocele,,Diagnosis,,N/A,,,,,,,,,,
,Meningomyelocele,,Diagnosis,,N/A,,,,,,,,,,
,Menorrhagia,,Diagnosis,,N/A,,,,,,,,,,
,Mental Retardation,,Diagnosis,,N/A,,,,,,,,,,
,"Migraine,Unspec.",,Diagnosis,,N/A,,,,,,,,,,
,Mitral Regurgitation,,Diagnosis,,N/A,,,,,,,,,,
,Molluscum Contagiosum,,Diagnosis,,N/A,,,,,,,,,,
,Movement Disorder,,Diagnosis,,N/A,,,,,,,,,,
,Multinodular Goitre,,Diagnosis,,N/A,,,,,,,,,,
,Multiple Sclerosis,,Diagnosis,,N/A,,,,,,,,,,
,Myasthenia Gravis,,Diagnosis,,N/A,,,,,,,,,,
,"Myelopathy, Compressive",,Diagnosis,,N/A,,,,,,,,,,
,"Myelopathy, Unspec.",,Diagnosis,,N/A,,,,,,,,,,
,Myocardial Infarction,,Diagnosis,,N/A,,,,,,,,,,
,Myocarditis,,Diagnosis,,N/A,,,,,,,,,,
,Myopathy,,Diagnosis,,N/A,,,,,,,,,,
,Myopia,,Diagnosis,,N/A,,,,,,,,,,
,Myositis Ossificans,,Diagnosis,,N/A,,,,,,,,,,
,Necrotizing Fascitis,,Diagnosis,,N/A,,,,,,,,,,
,Neonatal Jaundice,,Diagnosis,,N/A,,,,,,,,,,
,"Nephropathy, Diabetic",,Diagnosis,,N/A,,,,,,,,,,
,"Nephropathy, Hypertensive",,Diagnosis,,N/A,,,,,,,,,,
,"Nephrotic Syndrome, Steroid Dependent",,Diagnosis,,N/A,,,,,,,,,,
,"Nephrotic Syndrome, Steroid Resistant",,Diagnosis,,N/A,,,,,,,,,,
,"Nephrotic Syndrome, Steroid Responsive",,Diagnosis,,N/A,,,,,,,,,,
,"Nephrotic Syndrome, Unspec.",,Diagnosis,,N/A,,,,,,,,,,
,"Neuralgia, Trigeminal",,Diagnosis,,N/A,,,,,,,,,,
,Neurocysticercosis,,Diagnosis,,N/A,,,,,,,,,,
,Neurogenic Bladder,,Diagnosis,,N/A,,,,,,,,,,
,"Neuropathy, Alcoholic",,Diagnosis,,N/A,,,,,,,,,,
,"Neuropathy, Diabetic",,Diagnosis,,N/A,,,,,,,,,,
,Neurosyphilis,,Diagnosis,,N/A,,,,,,,,,,
,Noctural Enuresis,,Diagnosis,,N/A,,,,,,,,,,
,Normal Delivery,,Diagnosis,,N/A,,,,,,,,,,
,Obstructed Labour,,Diagnosis,,N/A,,,,,,,,,,
,"Obstruction, Intestine",,Diagnosis,,N/A,,,,,,,,,,
,"Obstruction, Intestine, Acute",,Diagnosis,,N/A,,,,,,,,,,
,"Obstruction, Intestine, Subacute",,Diagnosis,,N/A,,,,,,,,,,
,Onychomycosis,,Diagnosis,,N/A,,,,,,,,,,
,Orchitis,,Diagnosis,,N/A,,,,,,,,,,
,Osteoarthritis  Knee,,Diagnosis,,N/A,,,,,,,,,,
,"Osteoarthritis, Both Knee",,Diagnosis,,N/A,,,,,,,,,,
,"Osteomyelitis, Acute",,Diagnosis,,N/A,,,,,,,,,,
,"Osteomyelitis, Chronic, Unspec.",,Diagnosis,,N/A,,,,,,,,,,
,"Osteoporosis, Unspec.",,Diagnosis,,N/A,,,,,,,,,,
,"Otitis Media, Acute",,Diagnosis,,N/A,,,,,,,,,,
,"Otitis Media, Chronic, Complicated",,Diagnosis,,N/A,,,,,,,,,,
,"Otitis Media, Chronic, Uncomplicated",,Diagnosis,,N/A,,,,,,,,,,
,"Otitis Media, Chronic. Unspec.",,Diagnosis,,N/A,,,,,,,,,,
,"Otitis Media, Serous",,Diagnosis,,N/A,,,,,,,,,,
,"Ovarian Cyst, Benign",,Diagnosis,,N/A,,,,,,,,,,
,"Ovarian Cyst, Malignant",,Diagnosis,,N/A,,,,,,,,,,
,"Ovarian Cyst, Unspec.",,Diagnosis,,N/A,,,,,,,,,,
,"Pancreatitis, Acute",,Diagnosis,,N/A,,,,,,,,,,
,"Pancreatitis, Chronic",,Diagnosis,,N/A,,,,,,,,,,
,"Panic Disorder, Unspec.",,Diagnosis,,N/A,,,,,,,,,,
,"Panic Disorder, With Agoraphobia",,Diagnosis,,N/A,,,,,,,,,,
,"Panic Disorder, Without Agoraphobia",,Diagnosis,,N/A,,,,,,,,,,
,Parkinson's Disease,,Diagnosis,,N/A,,,,,,,,,,
,Paroxysmal Supraventricular Tachycardia,,Diagnosis,,N/A,,,,,,,,,,
,Pediculosis,,Diagnosis,,N/A,,,,,,,,,,
,Pemphigus Vulgaris,,Diagnosis,,N/A,,,,,,,,,,
,Peptic Ulcer Disease,,Diagnosis,,N/A,,,,,,,,,,
,"Perforation, Intestine, Unspec.",,Diagnosis,,N/A,,,,,,,,,,
,Pericardial Effusion,,Diagnosis,,N/A,,,,,,,,,,
,"Pericarditis, Unspec.",,Diagnosis,,N/A,,,,,,,,,,
,"Periodontitis, Unspec.",,Diagnosis,,N/A,,,,,,,,,,
,Peripheral Arterial Disease,,Diagnosis,,N/A,,,,,,,,,,
,"Peripheral Neuropathy, Unspec.",,Diagnosis,,N/A,,,,,,,,,,
,Peritonitis,,Diagnosis,,N/A,,,,,,,,,,
,"Personality Disorder, Unspec.",,Diagnosis,,N/A,,,,,,,,,,
,"Phobia, Social",,Diagnosis,,N/A,,,,,,,,,,
,Pinworm Infestation,,Diagnosis,,N/A,,,,,,,,,,
,Pityriasis Rosea,,Diagnosis,,N/A,,,,,,,,,,
,Pityriasis Versicolor,,Diagnosis,,N/A,,,,,,,,,,
,Placenta Previa,,Diagnosis,,N/A,,,,,,,,,,
,Pleural Effusion,,Diagnosis,,N/A,,,,,,,,,,
,Pneumonia,,Diagnosis,,N/A,,,,,,,,,,
,"Pneumonia, Community Acquired",,Diagnosis,,N/A,,,,,,,,,,
,"Pneumonia, Hospital Acquired",,Diagnosis,,N/A,,,,,,,,,,
,Pneumothorax,,Diagnosis,,N/A,,,,,,,,,,
,Polycythemia Vera,,Diagnosis,,N/A,,,,,,,,,,
,Polymyalgia Rheumatica,,Diagnosis,,N/A,,,,,,,,,,
,Portal Hypertension,,Diagnosis,,N/A,,,,,,,,,,
,Post Herpetic Neuralgia,,Diagnosis,,N/A,,,,,,,,,,
,Postmenopausal Estrogen Defeciency Syndrome,,Diagnosis,,N/A,,,,,,,,,,
,Postpartum Cardiomyopathy,,Diagnosis,,N/A,,,,,,,,,,
,Postpartum Depression,,Diagnosis,,N/A,,,,,,,,,,
,Postpartum Hemorrrhage,,Diagnosis,,N/A,,,,,,,,,,
,Postpartum Sepsis,,Diagnosis,,N/A,,,,,,,,,,
,Preeclamsia,,Diagnosis,,N/A,,,,,,,,,,
,Pregnancy Induced Hypertension,,Diagnosis,,N/A,,,,,,,,,,
,Pregnancy Postdated,,Diagnosis,,N/A,,,,,,,,,,
,Pregnancy With Cephalopelvic Disproportion,,Diagnosis,,N/A,,,,,,,,,,
,Pregnancy With Labor Pain,,Diagnosis,,N/A,,,,,,,,,,
,Pregnancy With Pre-Eclamptic Toxemia,,Diagnosis,,N/A,,,,,,,,,,
,"Pregnancy, Twins",,Diagnosis,,N/A,,,,,,,,,,
,Premenstrual Syndrome,,Diagnosis,,N/A,,,,,,,,,,
,Preterm Infant,,Diagnosis,,N/A,,,,,,,,,,
,"Primitive Neuroectodermal Tumor, Lung",,Diagnosis,,N/A,,,,,,,,,,
,Priuritis,,Diagnosis,,N/A,,,,,,,,,,
,Prolapsed Intervertebral Disc,,Diagnosis,,N/A,,,,,,,,,,
,Prostatitis,,Diagnosis,,N/A,,,,,,,,,,
,Protein Energy Malnutrition,,Diagnosis,,N/A,,,,,,,,,,
,Pseudocyst Pancreas,,Diagnosis,,N/A,,,,,,,,,,
,"Psoriasis, Erythrodermic",,Diagnosis,,N/A,,,,,,,,,,
,"Psoriasis, Guttate",,Diagnosis,,N/A,,,,,,,,,,
,"Psoriasis, Inverse",,Diagnosis,,N/A,,,,,,,,,,
,"Psoriasis, Plaque",,Diagnosis,,N/A,,,,,,,,,,
,"Psoriasis, Unspec.",,Diagnosis,,N/A,,,,,,,,,,
,Psychosexual Disorder,,Diagnosis,,N/A,,,,,,,,,,
,Pulmonary Hypertension,,Diagnosis,,N/A,,,,,,,,,,
,Pulmonary Thromboembolism,,Diagnosis,,N/A,,,,,,,,,,
,Pyelonephritis,,Diagnosis,,N/A,,,,,,,,,,
,Pyocele,,Diagnosis,,N/A,,,,,,,,,,
,Pyonephrosis,,Diagnosis,,N/A,,,,,,,,,,
,Pyopneumothorax,,Diagnosis,,N/A,,,,,,,,,,
,Pyothorax,,Diagnosis,,N/A,,,,,,,,,,
,Pyrexia Of Unknown Origin,,Diagnosis,,N/A,,,,,,,,,,
,"Radiculoneuropathy, Unspec.",,Diagnosis,,N/A,,,,,,,,,,
,"Radiculopathy, Unspec.",,Diagnosis,,N/A,,,,,,,,,,
,Rape,,Diagnosis,,N/A,,,,,,,,,,
,Renal Failure,,Diagnosis,,N/A,,,,,,,,,,
,"Renal Failure, Acute",,Diagnosis,,N/A,,,,,,,,,,
,"Renal Failure, Chronic",,Diagnosis,,N/A,,,,,,,,,,
,Reproductive Tract Infection,,Diagnosis,,N/A,,,,,,,,,,
,Restless Leg Syndrome,,Diagnosis,,N/A,,,,,,,,,,
,"Retinopathy, Diabetic",,Diagnosis,,N/A,,,,,,,,,,
,"Retinopathy, Hypertensive",,Diagnosis,,N/A,,,,,,,,,,
,"Rheumatic Fever, Acute",,Diagnosis,,N/A,,,,,,,,,,
,Rheumatic Heart Disease,,Diagnosis,,N/A,,,,,,,,,,
,Rheumatoid Arthritis,,Diagnosis,,N/A,,,,,,,,,,
,"Rhinitis, Allergic",,Diagnosis,,N/A,,,,,,,,,,
,Rickets,,Diagnosis,,N/A,,,,,,,,,,
,Scabies,,Diagnosis,,N/A,,,,,,,,,,
,"Scabies, Infected",,Diagnosis,,N/A,,,,,,,,,,
,Schizophrenia,,Diagnosis,,N/A,,,,,,,,,,
,Sciatica,,Diagnosis,,N/A,,,,,,,,,,
,Scoliosis,,Diagnosis,,N/A,,,,,,,,,,
,Sebaceous Cyst,,Diagnosis,,N/A,,,,,,,,,,
,"Seizure, Absence",,Diagnosis,,N/A,,,,,,,,,,
,"Seizure, Complex",,Diagnosis,,N/A,,,,,,,,,,
,"Seizure, Complex Partial",,Diagnosis,,N/A,,,,,,,,,,
,"Seizure, Febrile",,Diagnosis,,N/A,,,,,,,,,,
,"Seizure, GTCS",,Diagnosis,,N/A,,,,,,,,,,
,"Seizure, Myoclonic",,Diagnosis,,N/A,,,,,,,,,,
,"Seizure, Partial",,Diagnosis,,N/A,,,,,,,,,,
,Sepsis,,Diagnosis,,N/A,,,,,,,,,,
,"Sepsis, Dic",,Diagnosis,,N/A,,,,,,,,,,
,"Sepsis, Mods",,Diagnosis,,N/A,,,,,,,,,,
,Sialadenitis,,Diagnosis,,N/A,,,,,,,,,,
,Sickle Cell Disease,,Diagnosis,,N/A,,,,,,,,,,
,Sickle Cell Trait,,Diagnosis,,N/A,,,,,,,,,,
,"Sinusitis, Acute",,Diagnosis,,N/A,,,,,,,,,,
,Somatoform Disorder,,Diagnosis,,N/A,,,,,,,,,,
,Spondyloarthritis,,Diagnosis,,N/A,,,,,,,,,,
,"Spondyloarthritis, Seronegative",,Diagnosis,,N/A,,,,,,,,,,
,"Spondyloarthritis, Seropositive",,Diagnosis,,N/A,,,,,,,,,,
,"Spondylosis, Cervical",,Diagnosis,,N/A,,,,,,,,,,
,"Spondylosis, Lumbar",,Diagnosis,,N/A,,,,,,,,,,
,Sprain  Ankle,,Diagnosis,,N/A,,,,,,,,,,
,Status Asthamaticus,,Diagnosis,,N/A,,,,,,,,,,
,Status Epilepticus,,Diagnosis,,N/A,,,,,,,,,,
,"Stenosis, Urethera",,Diagnosis,,N/A,,,,,,,,,,
,"Stricture Urethra, Proximal",,Diagnosis,,N/A,,,,,,,,,,
,"Stricture, Urethra",,Diagnosis,,N/A,,,,,,,,,,
,"Stricture, Urethra, Distal",,Diagnosis,,N/A,,,,,,,,,,
,"Stroke, Anterior Cerebral Artery",,Diagnosis,,N/A,,,,,,,,,,
,"Stroke, Haeomorrhagic",,Diagnosis,,N/A,,,,,,,,,,
,"Stroke, Ischemic",,Diagnosis,,N/A,,,,,,,,,,
,"Stroke, Middle Cerebral Artery",,Diagnosis,,N/A,,,,,,,,,,
,Subarachanoid Hemorrhage,,Diagnosis,,N/A,,,,,,,,,,
,Subdural Hemorrhage,,Diagnosis,,N/A,,,,,,,,,,
,Substance Abuse,,Diagnosis,,N/A,,,,,,,,,,
,"Substance Abuse, Tobacco",,Diagnosis,,N/A,,,,,,,,,,
,Synovial Cyst,,Diagnosis,,N/A,,,,,,,,,,
,Synovitis/Tenosynovitis,,Diagnosis,,N/A,,,,,,,,,,
,"Syphilis, Primary",,Diagnosis,,N/A,,,,,,,,,,
,"Syphilis, Seconday",,Diagnosis,,N/A,,,,,,,,,,
,Syringomyelia,,Diagnosis,,N/A,,,,,,,,,,
,Systemic Lupus Erythematosus,,Diagnosis,,N/A,,,,,,,,,,
,Systemic Sclerosis,,Diagnosis,,N/A,,,,,,,,,,
,"Testicular Tumor, Unspec.",,Diagnosis,,N/A,,,,,,,,,,
,"Tetany, Hypocalcemic",,Diagnosis,,N/A,,,,,,,,,,
,Tetralogy Of Fallot,,Diagnosis,,N/A,,,,,,,,,,
,"Thalessemia, Major",,Diagnosis,,N/A,,,,,,,,,,
,"Thalessemia, Minor",,Diagnosis,,N/A,,,,,,,,,,
,Threatened Abortion Unspec.,,Diagnosis,,N/A,,,,,,,,,,
,Thrombophebitis,,Diagnosis,,N/A,,,,,,,,,,
,Thrombophlebitis,,Diagnosis,,N/A,,,,,,,,,,
,Thyroglossal Cyst,,Diagnosis,,N/A,,,,,,,,,,
,Tinea Capitis,,Diagnosis,,N/A,,,,,,,,,,
,Tinea Corporis,,Diagnosis,,N/A,,,,,,,,,,
,Tinea Cruris,,Diagnosis,,N/A,,,,,,,,,,
,"Tonsillitis, Acute",,Diagnosis,,N/A,,,,,,,,,,
,"Tonsillitis, Chronic/Recurrent",,Diagnosis,,N/A,,,,,,,,,,
,Torsion Testis,,Diagnosis,,N/A,,,,,,,,,,
,Trachoma,,Diagnosis,,N/A,,,,,,,,,,
,Transient Ischemic Attack,,Diagnosis,,N/A,,,,,,,,,,
,"Trichomoniasis, Vagina",,Diagnosis,,N/A,,,,,,,,,,
,Tricuspid Regurgitation,,Diagnosis,,N/A,,,,,,,,,,
,Tropical Pulmonary Eosinophilia,,Diagnosis,,N/A,,,,,,,,,,
,"Tuberculosis, Dessiminated",,Diagnosis,,N/A,,,,,,,,,,
,"Tuberculosis, Extrapulmonary, Abdomen",,Diagnosis,,N/A,,,,,,,,,,
,"Tuberculosis, Extrapulmonary, Articular",,Diagnosis,,N/A,,,,,,,,,,
,"Tuberculosis, Extrapulmonary, Lymphnodal",,Diagnosis,,N/A,,,,,,,,,,
,"Tuberculosis, Extrapulmonary, Pleural",,Diagnosis,,N/A,,,,,,,,,,
,"Tuberculosis, Extrapulmonay, Cutaneous",,Diagnosis,,N/A,,,,,,,,,,
,"Tuberculosis, Extrapulmonay, Genital",,Diagnosis,,N/A,,,,,,,,,,
,"Tuberculosis, Extrapulmonay, Intestinal",,Diagnosis,,N/A,,,,,,,,,,
,"Tuberculosis, Extrapulmonay, Meningeal",,Diagnosis,,N/A,,,,,,,,,,
,"Tuberculosis, Extrapulmonay, Peritoneal",,Diagnosis,,N/A,,,,,,,,,,
,"Tuberculosis, Extrapulmonay, Renal",,Diagnosis,,N/A,,,,,,,,,,
,"Tuberculosis, Extrapulmonay, Skeletal",,Diagnosis,,N/A,,,,,,,,,,
,"Tuberculosis, Miliary",,Diagnosis,,N/A,,,,,,,,,,
,"Tuberculosis, Pulmonary, Sputum Positive",,Diagnosis,,N/A,,,,,,,,,,
,"Tuberculosis, Pulmonary, Sputum Negative",,Diagnosis,,N/A,,,,,,,,,,
,"Tumor, Ovary, Benign",,Diagnosis,,N/A,,,,,,,,,,
,Ulcerative Colitis,,Diagnosis,,N/A,,,,,,,,,,
,Undescended Testis,,Diagnosis,,N/A,,,,,,,,,,
,Upper Respiratory Tract Infection(Urti),,Diagnosis,,N/A,,,,,,,,,,
,Urinary Tract Infection,,Diagnosis,,N/A,,,,,,,,,,
,"Urinary Tract Infection, Lower",,Diagnosis,,N/A,,,,,,,,,,
,"Urinary Tract Infection, Upper",,Diagnosis,,N/A,,,,,,,,,,
,Urolithiasis,,Diagnosis,,N/A,,,,,,,,,,
,Urticaria,,Diagnosis,,N/A,,,,,,,,,,
,Uterine Prolapse With Cystocele,,Diagnosis,,N/A,,,,,,,,,,
,Uterine Prolapse With Cysto-Rectocele,,Diagnosis,,N/A,,,,,,,,,,
,Uterine Prolapse With Rectocele,,Diagnosis,,N/A,,,,,,,,,,
,"Uterine Prolapse, Unspecified",,Diagnosis,,N/A,,,,,,,,,,
,Varicocele,,Diagnosis,,N/A,,,,,,,,,,
,Ventral Hernia,,Diagnosis,,N/A,,,,,,,,,,
,"Ventricular Septal Defect, Uspec.",,Diagnosis,,N/A,,,,,,,,,,
,"Neuropathy, Vit B12 Deficiency",,Diagnosis,,N/A,,,,,,,,,,
,Vitiligo,,Diagnosis,,N/A,,,,,,,,,,
,"Warts, Viral",,Diagnosis,,N/A,,,,,,,,,,
,Wilson'S Disease,,Diagnosis,,N/A,,,,,,,,,,
,Xeropthalmia,,Diagnosis,,N/A,,,,,,,,,,
,"Dislocation, Shoulder",,Diagnosis,,N/A,,,,,,,,,,
,"Heart Block, Complete",,Diagnosis,,N/A,,,,,,,,,,
,"Lepra Reaction, Type 2",,Diagnosis,,N/A,,,,,,,,,,
,Airborne Contact Dermatitis,,Diagnosis,,N/A,,,,,,,,,,
,"Burns, Deep",,Diagnosis,,N/A,,,,,,,,,,
,"Scorpion Bite, Poisonous",,Diagnosis,,N/A,,,,,,,,,,
,Polycystic Ovary Disease,,Diagnosis,,N/A,,,,,,,,,,
,"Carcinoma, colorectal",,Diagnosis,,N/A,,,,,,,,,,
,Hepatitis A,,Diagnosis,,N/A,,,,,,,,,,
,Hepatitis B,,Diagnosis,,N/A,,,,,,,,,,
,"Hepatitis Viral, Unspec",,Diagnosis,,N/A,,,,,,,,,,
,Hepatitis E,,Diagnosis,,N/A,,,,,,,,,,
,"Heart failure, low output",,Diagnosis,,N/A,,,,,,,,,,
,"Lymphoma, Hodgkin's",,Diagnosis,,N/A,,,,,,,,,,
,"Tuberculosis, RIF Resistance",,Diagnosis,,N/A,,,,,,,,,,
,"Tuberculosis, Multidrug Resistance",,Diagnosis,,N/A,,,,,,,,,,
,"Teratoma, Malignant",,Diagnosis,,N/A,,,,,,,,,,
,"Snake Bite, Poisonous",,Diagnosis,,N/A,,,,,,,,,,
,"Abscess, Nerve",,Diagnosis,,N/A,,,,,,,,,,
,Transverse Myelitis,,Diagnosis,,N/A,,,,,,,,,,
,"Carcinoma, rectum",,Diagnosis,,N/A,,,,,,,,,,
,Polycystic Kidney Disease,,Diagnosis,,N/A,,,,,,,,,,
,Non Progress of Labour,,Diagnosis,,N/A,,,,,,,,,,
,Ectopic Anus,,Diagnosis,,N/A,,,,,,,,,,
,"Heart Disease, vavular",,Diagnosis,,N/A,,,,,,,,,,
,"Pneumonia, Aspiration",,Diagnosis,,N/A,,,,,,,,,,
,"Tumour, Spindle cell, Benign",,Diagnosis,,N/A,,,,,,,,,,
,Undescended Testes,,Diagnosis,,N/A,,,,,,,,,,
,"Carcinoma, Pancreas",,Diagnosis,,N/A,,,,,,,,,,
,Cerebral Palsy,,Diagnosis,,N/A,,,,,,,,,,
,Cholidocholithiasis,,Diagnosis,,N/A,,,,,,,,,,
,Coronary Artery Disease,,Diagnosis,,N/A,,,,,,,,,,
,Double Output Right Ventricle,,Diagnosis,,N/A,,,,,,,,,,
,"Hepatitis, Drug Induced",,Diagnosis,,N/A,,,,,,,,,,
,Filariasis,,Diagnosis,,N/A,,,,,,,,,,
,Foreign Body Aspiration,,Diagnosis,,N/A,,,,,,,,,,
,Failure to Thrive,,Diagnosis,,N/A,,,,,,,,,,
,"Fracture, Clavicle",,Diagnosis,,N/A,,,,,,,,,,
,"Tinea, unspec.",,Diagnosis,,N/A,,,,,,,,,,
,"Carcinoma, Gingiva",,Diagnosis,,N/A,,,,,,,,,,
,Hemangioma,,Diagnosis,,N/A,,,,,,,,,,
,Hypoxic Ischemic Encephalopathy,,Diagnosis,,N/A,,,,,,,,,,
,"Heart failure, High Output",,Diagnosis,,N/A,,,,,,,,,,
,Hypereosinophilia Syndrome,,Diagnosis,,N/A,,,,,,,,,,
,"Tuberculosis, INH Resistance",,Diagnosis,,N/A,,,,,,,,,,
,Labial Adhesions,,Diagnosis,,N/A,,,,,,,,,,
,"Lymphoma, Non-Hodgkin's",,Diagnosis,,N/A,,,,,,,,,,
,"Teratoma, Mature",,Diagnosis,,N/A,,,,,,,,,,
,Muscular Dystrophy,,Diagnosis,,N/A,,,,,,,,,,
,Nectotizing Enterocolitis,,Diagnosis,,N/A,,,,,,,,,,
,Neonatal Sepsis,,Diagnosis,,N/A,,,,,,,,,,
,"Ulcer, Non-Healing",,Diagnosis,,N/A,,,,,,,,,,
,Low Back Pain,,Diagnosis,,N/A,,,,,,,,,,
,Obsessive Compulsive Disorder,,Diagnosis,,N/A,,,,,,,,,,
,Pilonidal Sinus,,Diagnosis,,N/A,,,,,,,,,,
,Pleomorphic Adenoma,,Diagnosis,,N/A,,,,,,,,,,
,Pyoderma,,Diagnosis,,N/A,,,,,,,,,,
,"Polyp, Rectum",,Diagnosis,,N/A,,,,,,,,,,
,"Prolapse, Rectum",,Diagnosis,,N/A,,,,,,,,,,
,Renal Agenesis,,Diagnosis,,N/A,,,,,,,,,,
,"Scorpion Bite, Non Poisonous",,Diagnosis,,N/A,,,,,,,,,,
,Surgical Site Infection,,Diagnosis,,N/A,,,,,,,,,,
,"Seizure, Unspec.",,Diagnosis,,N/A,,,,,,,,,,
,"Arthritis, Septic",,Diagnosis,,N/A,,,,,,,,,,
,"Rheumatoid arthritis, Seronegative",,Diagnosis,,N/A,,,,,,,,,,
,"Snake Bite, Non Poisonous",,Diagnosis,,N/A,,,,,,,,,,
,"Burns, Superficial",,Diagnosis,,N/A,,,,,,,,,,
,Thyrotoxicosis,,Diagnosis,,N/A,,,,,,,,,,
,Tinea Unguium,,Diagnosis,,N/A,,,,,,,,,,
,Muscle Spasm,,Diagnosis,,N/A,,,,,,,,,,
,"Carcinoma, Ovary",,Diagnosis,,N/A,,,,,,,,,,
,Subacute Combined Degeneration of Spinal Cord,,Diagnosis,,N/A,,,,,,,,,,
,"Admantinoma, Mandible",,Diagnosis,,N/A,,,,,,,,,,
,Pregnancy with Malpresentation,,Diagnosis,,N/A,,,,,,,,,,
,Pregnancy with Previous LSCS,,Diagnosis,,N/A,,,,,,,,,,
,"Tumour, Parotid",,Diagnosis,,N/A,,,,,,,,,,
,Breath Holding Spells,,Diagnosis,,N/A,,,,,,,,,,
,Calcaneal Spur,,Diagnosis,,N/A,,,,,,,,,,
,Chicken Pox,,Diagnosis,,N/A,,,,,,,,,,
,Dermatomyositis,,Diagnosis,,N/A,,,,,,,,,,
,Empyema,,Diagnosis,,N/A,,,,,,,,,,
,Xerodermatitis,,Diagnosis,,N/A,,,,,,,,,,
,"Fever, Viral",,Diagnosis,,N/A,,,,,,,,,,
,"Fracture, Simple",,Diagnosis,,N/A,,,,,,,,,,
,Hyaline Membrane Disease,,Diagnosis,,N/A,,,,,,,,,,
,"Cardiomyopathy, Hypertensive",,Diagnosis,,N/A,,,,,,,,,,
,"Leprosy, Multibacillary",,Diagnosis,,N/A,,,,,,,,,,
,Lichen SimplexÂ Chronicus,,Diagnosis,,N/A,,,,,,,,,,
,"Abscess, Lung",,Diagnosis,,N/A,,,,,,,,,,
,Mucous Retention Cyst,,Diagnosis,,N/A,,,,,,,,,,
,Pelvic Inflammatory Disease,,Diagnosis,,N/A,,,,,,,,,,
,Plummer Vinson Syndrome,,Diagnosis,,N/A,,,,,,,,,,
,Post Traumatic Stress Disorder,,Diagnosis,,N/A,,,,,,,,,,
,Posterior Uretheral Valve,,Diagnosis,,N/A,,,,,,,,,,
,Scleroderma,,Diagnosis,,N/A,,,,,,,,,,
,Spontaneous Bacterial Peritonitis,,Diagnosis,,N/A,,,,,,,,,,
,Sudeck's Osteodystrophy,,Diagnosis,,N/A,,,,,,,,,,
,Varicose Veins,,Diagnosis,,N/A,,,,,,,,,,
,Vitamin A Defeciency,,Diagnosis,,N/A,,,,,,,,,,
,Wilms' Tumour,,Diagnosis,,N/A,,,,,,,,,,
,Von Willebrand Disease,,Diagnosis,,N/A,,,,,,,,,,
,"Carcinoma, Gall Bladder",,Diagnosis,,N/A,,,,,,,,,,
,Diabetic Ketoacidosis,,Diagnosis,,N/A,,,,,,,,,,
,Eosinophilia,,Diagnosis,,N/A,,,,,,,,,,
,Horseshoe Kidney,,Diagnosis,,N/A,,,,,,,,,,
,Hypokalemic Periodic Paralysis,,Diagnosis,,N/A,,,,,,,,,,
,Lupus Vulgaris,,Diagnosis,,N/A,,,,,,,,,,
,Phimosis,,Diagnosis,,N/A,,,,,,,,,,
,Lower Respiratory Tract Infection,,Diagnosis,,N/A,,,,,,,,,,
,Worm Infestation,,Diagnosis,,N/A,,,,,,,,,,
,"Abcess, Gall Bladder",,Diagnosis,,N/A,,,,,,,,,,
,"Abcess, Scrotum",,Diagnosis,,N/A,,,,,,,,,,
,Anemia,,Diagnosis,,N/A,,,,,,,,,,
,Beckwith-Wiedemann Syndrome,,Diagnosis,,N/A,,,,,,,,,,
,Fungal Infection,,Diagnosis,,N/A,,,,,,,,,,
,Haemorrhoid,,Diagnosis,,N/A,,,,,,,,,,
,Mixed Connective Tissue Disease,,Diagnosis,,N/A,,,,,,,,,,
,"Neuropathy, Post Injection",,Diagnosis,,N/A,,,,,,,,,,
,"Perforation, Tympanic Membrane",,Diagnosis,,N/A,,,,,,,,,,
,Silicosis,,Diagnosis,,N/A,,,,,,,,,,
,"Sinusitis, Chronic",,Diagnosis,,N/A,,,,,,,,,,
,Stevens-Johnson Syndrome,,Diagnosis,,N/A,,,,,,,,,,
,Tracheo- Esophageal Fistula,,Diagnosis,,N/A,,,,,,,,,,
,"Tumor, Testis",,Diagnosis,,N/A,,,,,,,,,,
,Umbilical Granuloma,,Diagnosis,,N/A,,,,,,,,,,
,"Malaria, complicated",,Diagnosis,,N/A,,,,,,,,,,
,Abscess,,Diagnosis,,N/A,,,,,,,,,,
,"Abscess, Liver",,Diagnosis,,N/A,,,,,,,,,,
,Amniotic Bands,,Diagnosis,,N/A,,,,,,,,,,
,Carbuncle,,Diagnosis,,N/A,,,,,,,,,,
,"Carcinoma, Brain",,Diagnosis,,N/A,,,,,,,,,,
,Hypertrophic Pyloric Stenosis,,Diagnosis,,N/A,,,,,,,,,,
,"Cyst, Dermoid",,Diagnosis,,N/A,,,,,,,,,,
,Dhat Syndrome,,Diagnosis,,N/A,,,,,,,,,,
,Duchenne's Muscular Dystrophy,,Diagnosis,,N/A,,,,,,,,,,
,"Exopthalmos, Minor",,Diagnosis,,N/A,,,,,,,,,,
,Intrauterine Death,,Diagnosis,,N/A,,,,,,,,,,
,Costochondritis,,Diagnosis,,N/A,,,,,,,,,,
,"Radiculopathy, Lumbar",,Diagnosis,,N/A,,,,,,,,,,
,"Malaria, Cerebral",,Diagnosis,,N/A,,,,,,,,,,
,"Cyst, Popliteal",,Diagnosis,,N/A,,,,,,,,,,
,"Sepsis, Puerperium",,Diagnosis,,N/A,,,,,,,,,,
,Retintis Pigmentosa,,Diagnosis,,N/A,,,,,,,,,,
,Rh Negative Pregnancy,,Diagnosis,,N/A,,,,,,,,,,
,Rhinosporidiosis,,Diagnosis,,N/A,,,,,,,,,,
,"Abscess, Appendix",,Diagnosis,,N/A,,,,,,,,,,
,Adenomatous Polyposis Coli /FAP Familial Adenomatous Polyposis,,Diagnosis,,N/A,,,,,,,,,,
,"Arthritis, Unspecific",,Diagnosis,,N/A,,,,,,,,,,
,Arthrosis,,Diagnosis,,N/A,,,,,,,,,,
,Atopy,,Diagnosis,,N/A,,,,,,,,,,
,Arterio-Venous Malformation,,Diagnosis,,N/A,,,,,,,,,,
,Balanitis,,Diagnosis,,N/A,,,,,,,,,,
,Beriberi,,Diagnosis,,N/A,,,,,,,,,,
,"Calculus,Urethra",,Diagnosis,,N/A,,,,,,,,,,
,"Carcinoma, Endometrium",,Diagnosis,,N/A,,,,,,,,,,
,Cauda Equina Syndrome,,Diagnosis,,N/A,,,,,,,,,,
,Cephalhematoma,,Diagnosis,,N/A,,,,,,,,,,
,Cleft Palate,,Diagnosis,,N/A,,,,,,,,,,
,"Congenital Heart Disease, Acyanotic",,Diagnosis,,N/A,,,,,,,,,,
,Congenital Talipes Equino Varus/ Club foot,,Diagnosis,,N/A,,,,,,,,,,
,Dacrocystitis,,Diagnosis,,N/A,,,,,,,,,,
,"Dislocation, Atlanto-axial",,Diagnosis,,N/A,,,,,,,,,,
,Ectopic Kidney,,Diagnosis,,N/A,,,,,,,,,,
,"Encephalopathy, Hypertensive",,Diagnosis,,N/A,,,,,,,,,,
,"Enteropathy, Protein Loosing",,Diagnosis,,N/A,,,,,,,,,,
,Eventration Of Diaphragm,,Diagnosis,,N/A,,,,,,,,,,
,Fluorosis,,Diagnosis,,N/A,,,,,,,,,,
,Fournier Gangrene,,Diagnosis,,N/A,,,,,,,,,,
,"Heart Block, Intraventricular Block",,Diagnosis,,N/A,,,,,,,,,,
,"Hepatitis, Acute",,Diagnosis,,N/A,,,,,,,,,,
,"hernia, Incisional",,Diagnosis,,N/A,,,,,,,,,,
,Hydrosalpinx,,Diagnosis,,N/A,,,,,,,,,,
,Impetigo,,Diagnosis,,N/A,,,,,,,,,,
,Intussusception,,Diagnosis,,N/A,,,,,,,,,,
,Intra-uterine Growth Retardation,,Diagnosis,,N/A,,,,,,,,,,
,"Jaundice, Obstuctive",,Diagnosis,,N/A,,,,,,,,,,
,Keratosis,,Diagnosis,,N/A,,,,,,,,,,
,Low Birth Weight,,Diagnosis,,N/A,,,,,,,,,,
,Leptospirosis,,Diagnosis,,N/A,,,,,,,,,,
,Lichen Planus,,Diagnosis,,N/A,,,,,,,,,,
,Loeffler's Syndrome,,Diagnosis,,N/A,,,,,,,,,,
,"Lump, Appendix",,Diagnosis,,N/A,,,,,,,,,,
,lymphangioma,,Diagnosis,,N/A,,,,,,,,,,
,Mastitis,,Diagnosis,,N/A,,,,,,,,,,
,"Menorrhagia, Puberty",,Diagnosis,,N/A,,,,,,,,,,
,Meralgia Paresthetica,,Diagnosis,,N/A,,,,,,,,,,
,Microcephaly,,Diagnosis,,N/A,,,,,,,,,,
,Motion Sickness,,Diagnosis,,N/A,,,,,,,,,,
,Osteosarcoma,,Diagnosis,,N/A,,,,,,,,,,
,"Pneumonia, Atypical",,Diagnosis,,N/A,,,,,,,,,,
,Poisoning,,Diagnosis,,N/A,,,,,,,,,,
,Pregnancy With Sickle Cell Disease,,Diagnosis,,N/A,,,,,,,,,,
,"Prolapse, Colostomy",,Diagnosis,,N/A,,,,,,,,,,
,"Prolapse, Vaginal Vault",,Diagnosis,,N/A,,,,,,,,,,
,Ranula,,Diagnosis,,N/A,,,,,,,,,,
,"Sarcoma, Ewing's",,Diagnosis,,N/A,,,,,,,,,,
,"Seizure, Atonic",,Diagnosis,,N/A,,,,,,,,,,
,"Stenosis, Anal",,Diagnosis,,N/A,,,,,,,,,,
,"Tuberculosis, Extrapulmonary, Bladder",,Diagnosis,,N/A,,,,,,,,,,
,"Uropathy, Obstructive",,Diagnosis,,N/A,,,,,,,,,,
,"Varices, Esophageal",,Diagnosis,,N/A,,,,,,,,,,
,"Abcess, Unspec.",,Diagnosis,,N/A,,,,,,,,,,
,Adjustment Disorder,,Diagnosis,,N/A,,,,,,,,,,
,Alcoholic Cardiomyopathy,,Diagnosis,,N/A,,,,,,,,,,
,ANC with Oligohydramnios,,Diagnosis,,N/A,,,,,,,,,,
,Atonic PPH,,Diagnosis,,N/A,,,,,,,,,,
,Behcet's,,Diagnosis,,N/A,,,,,,,,,,
,Bipolar Disorder,,Diagnosis,,N/A,,,,,,,,,,
,"Carcinoma, Lung",,Diagnosis,,N/A,,,,,,,,,,
,"Carcinoma, Periampullary",,Diagnosis,,N/A,,,,,,,,,,
,Cervical Incompetence,,Diagnosis,,N/A,,,,,,,,,,
,Charcot Marie Tooth Disease,,Diagnosis,,N/A,,,,,,,,,,
,"Contracture, Unspec.",,Diagnosis,,N/A,,,,,,,,,,
,Conversion Reaction,,Diagnosis,,N/A,,,,,,,,,,
,Cystic Hygroma,,Diagnosis,,N/A,,,,,,,,,,
,"Dislocation, Hip",,Diagnosis,,N/A,,,,,,,,,,
,Dissociative  Disorder,,Diagnosis,,N/A,,,,,,,,,,
,Epididymal Cyst,,Diagnosis,,N/A,,,,,,,,,,
,Esophageal Stricture,,Diagnosis,,N/A,,,,,,,,,,
,Hematometra,,Diagnosis,,N/A,,,,,,,,,,
,Hepatic Encephalopathy,,Diagnosis,,N/A,,,,,,,,,,
,Intestinal Malrotation,,Diagnosis,,N/A,,,,,,,,,,
,Lumbar Canal Stenosis,,Diagnosis,,N/A,,,,,,,,,,
,Multiple Myeloma,,Diagnosis,,N/A,,,,,,,,,,
,Mumps,,Diagnosis,,N/A,,,,,,,,,,
,NMO Neuro Myelitis Optica,,Diagnosis,,N/A,,,,,,,,,,
,Non Union Fracture,,Diagnosis,,N/A,,,,,,,,,,
,Pregnancy with Bad Obstetric History,,Diagnosis,,N/A,,,,,,,,,,
,PUJ Obstruction,,Diagnosis,,N/A,,,,,,,,,,
,Radiation Proctitis,,Diagnosis,,N/A,,,,,,,,,,
,Refractive Error,,Diagnosis,,N/A,,,,,,,,,,
,RTA,,Diagnosis,,N/A,,,,,,,,,,
,Sequestration Crisis,,Diagnosis,,N/A,,,,,,,,,,
,Tinea Versicolor,,Diagnosis,,N/A,,,,,,,,,,
,Vaginal Atresia,,Diagnosis,,N/A,,,,,,,,,,
,Vesicoureteric Reflux,,Diagnosis,,N/A,,,,,,,,,,
,Vocal Card Palsy,,Diagnosis,,N/A,,,,,,,,,,
,"Volvulus, Sigmoid",,Diagnosis,,N/A,,,,,,,,,,
,"Blunt Trauma, Chest",,Diagnosis,,N/A,,,,,,,,,,
,"Abscess, post injection",,Diagnosis,,N/A,,,,,,,,,,
