uuid,name,description,class,shortname,datatype,units,High Normal,Low Normal,Allow Decimal,locale,synonym.1,answer.1,reference-term-source,reference-term-code,reference-term-relationship,reference-term-source,reference-term-code,reference-term-relationship
,Academic or educational problem,,Diagnosis,,N/A,,,,,,,,ICD 10 - CM,Z55.9,SAME-AS,,,
,Acculturation difficulty,,Diagnosis,,N/A,,,,,,,,ICD 10 - CM,Z60.3,SAME-AS,,,
,Adjustment disorders With anxiety,,Diagnosis,,N/A,,,,,,,,ICD 10 - CM,F43.22,SAME-AS,,,
,Adjustment disorders With depressed mood,,Diagnosis,,N/A,,,,,,,,ICD 10 - CM,F43.21,SAME-AS,,,
,Adjustment disorders With disturbance of conduct,,Diagnosis,,N/A,,,,,,,,ICD 10 - CM,F43.24,SAME-AS,,,
,Adjustment disorders With mixed anxiety and depressed mood,,Diagnosis,,N/A,,,,,,,,ICD 10 - CM,F43.23,SAME-AS,,,
,Adjustment disorders With mixed disturbance of emotions and conduct,,Diagnosis,,N/A,,,,,,,,ICD 10 - CM,F43.25,SAME-AS,,,
,Adjustment disorders Unspecified,,Diagnosis,,N/A,,,,,,,,ICD 10 - CM,F43.20,SAME-AS,,,
,Adult antisocial behavior,,Diagnosis,,N/A,,,,,,,,ICD 10 - CM,Z72.811,SAME-AS,,,
,Adult-onset fluency disorder,,Diagnosis,,N/A,,,,,,,,ICD 10 - CM,F98.5,SAME-AS,,,
,"Adult sexual abuse by nonspouse or nonpartner, Confirmed Subsequent encounter",,Diagnosis,,N/A,,,,,,,,ICD 10 - CM,T74.21XD,SAME-AS,,,
,"Adult sexual abuse by nonspouse or nonpartner, Suspected Initial encounter",,Diagnosis,,N/A,,,,,,,,ICD 10 - CM,T76.21XA,SAME-AS,,,
,"Adult sexual abuse by nonspouse or nonpartner, Suspected Subsequent encounter",,Diagnosis,,N/A,,,,,,,,ICD 10 - CM,T76.21XD,SAME-AS,,,
,Agoraphobia,,Diagnosis,,N/A,,,,,,,,ICD 10 - CM,F40.00,SAME-AS,,,
,Alcohol-induced anxiety disorder With mild use disorder,,Diagnosis,,N/A,,,,,,,,ICD 10 - CM,F10.180,SAME-AS,,,
,Alcohol-induced anxiety disorder With moderate or severe use disorder,,Diagnosis,,N/A,,,,,,,,ICD 10 - CM,F10.280,SAME-AS,,,
,Alcohol-induced anxiety disorder Without use disorder,,Diagnosis,,N/A,,,,,,,,ICD 10 - CM,F10.980,SAME-AS,,,
,Alcohol-induced bipolar and related disorder With mild use disorder,,Diagnosis,,N/A,,,,,,,,ICD 10 - CM,F10.14,SAME-AS,,,
,Alcohol-induced bipolar and related disorder With moderate or severe use disorder,,Diagnosis,,N/A,,,,,,,,ICD 10 - CM,F10.24,SAME-AS,,,
,Alcohol-induced bipolar and related disorder Without use disorder,,Diagnosis,,N/A,,,,,,,,ICD 10 - CM,F10.94,SAME-AS,,,
,Alcohol-induced depressive disorder With mild use disorder,,Diagnosis,,N/A,,,,,,,,ICD 10 - CM,F10.14,SAME-AS,,,
,Alcohol-induced depressive disorder With moderate or severe use disorder,,Diagnosis,,N/A,,,,,,,,ICD 10 - CM,F10.24,SAME-AS,,,
,Alcohol-induced depressive disorder Without use disorder,,Diagnosis,,N/A,,,,,,,,ICD 10 - CM,F10.94,SAME-AS,,,
,"Alcohol-induced major neurocognitive disorder, Amnestic confabulatory type With moderate or severe use disorder",,Diagnosis,,N/A,,,,,,,,ICD 10 - CM,F10.26,SAME-AS,,,
,"Alcohol-induced major neurocognitive disorder, Amnestic confabulatory type Without use disorder",,Diagnosis,,N/A,,,,,,,,ICD 10 - CM,F10.96,SAME-AS,,,
,"Alcohol-induced major neurocognitive disorder, Nonamnestic confabulatory type With moderate or severe use disorder",,Diagnosis,,N/A,,,,,,,,ICD 10 - CM,F10.27,SAME-AS,,,
,"Alcohol-induced major neurocognitive disorder, Nonamnestic confabulatory type Without use disorder",,Diagnosis,,N/A,,,,,,,,ICD 10 - CM,F10.97,SAME-AS,,,
,Alcohol-induced mild neurocognitive disorder With moderate or severe use disorder,,Diagnosis,,N/A,,,,,,,,ICD 10 - CM,F10.288,SAME-AS,,,
,Alcohol-induced mild neurocognitive disorder Without use disorder,,Diagnosis,,N/A,,,,,,,,ICD 10 - CM,F10.988,SAME-AS,,,
,Alcohol-induced psychotic disorder With mild use disorder,,Diagnosis,,N/A,,,,,,,,ICD 10 - CM,F10.159,SAME-AS,,,
,Alcohol-induced psychotic disorder With moderate or severe use disorder,,Diagnosis,,N/A,,,,,,,,ICD 10 - CM,F10.259,SAME-AS,,,
,Alcohol-induced psychotic disorder Without use disorder,,Diagnosis,,N/A,,,,,,,,ICD 10 - CM,F10.959,SAME-AS,,,
,Alcohol-induced sexual dysfunction With mild use disorder,,Diagnosis,,N/A,,,,,,,,ICD 10 - CM,F10.181,SAME-AS,,,
,Alcohol-induced sexual dysfunction With moderate or severe use disorder,,Diagnosis,,N/A,,,,,,,,ICD 10 - CM,F10.281,SAME-AS,,,
,Alcohol-induced sexual dysfunction Without use disorder,,Diagnosis,,N/A,,,,,,,,ICD 10 - CM,F10.981,SAME-AS,,,
,Alcohol-induced sleep disorder With mild use disorder,,Diagnosis,,N/A,,,,,,,,ICD 10 - CM,F10.182,SAME-AS,,,
,Alcohol-induced sleep disorder With moderate or severe use disorder,,Diagnosis,,N/A,,,,,,,,ICD 10 - CM,F10.282,SAME-AS,,,
,Alcohol-induced sleep disorder Without use disorder,,Diagnosis,,N/A,,,,,,,,ICD 10 - CM,F10.982,SAME-AS,,,
,Alcohol intoxication With mild use disorder,,Diagnosis,,N/A,,,,,,,,ICD 10 - CM,F10.129,SAME-AS,,,
,Alcohol intoxication With moderate or severe use disorder,,Diagnosis,,N/A,,,,,,,,ICD 10 - CM,F10.229,SAME-AS,,,
,Alcohol intoxication Without use disorder,,Diagnosis,,N/A,,,,,,,,ICD 10 - CM,F10.929,SAME-AS,,,
,Alcohol intoxication delirium With mild use disorder,,Diagnosis,,N/A,,,,,,,,ICD 10 - CM,F10.121,SAME-AS,,,
,Alcohol intoxication delirium With moderate or severe use disorder,,Diagnosis,,N/A,,,,,,,,ICD 10 - CM,F10.221,SAME-AS,,,
,Alcohol intoxication delirium Without use disorder,,Diagnosis,,N/A,,,,,,,,ICD 10 - CM,F10.921,SAME-AS,,,
,Alcohol use disorder Mild,,Diagnosis,,N/A,,,,,,,,ICD 10 - CM,F10.10,SAME-AS,,,
,Alcohol use disorder Moderate,,Diagnosis,,N/A,,,,,,,,ICD 10 - CM,F10.20,SAME-AS,,,
,Alcohol use disorder Severe,,Diagnosis,,N/A,,,,,,,,ICD 10 - CM,F10.20,SAME-AS,,,
,Alcohol withdrawal With perceptual disturbances,,Diagnosis,,N/A,,,,,,,,ICD 10 - CM,F10.232,SAME-AS,,,
,Alcohol withdrawal Without perceptual disturbances,,Diagnosis,,N/A,,,,,,,,ICD 10 - CM,F10.239,SAME-AS,,,
,Alcohol withdrawal delirium,,Diagnosis,,N/A,,,,,,,,ICD 10 - CM,F10.231,SAME-AS,,,
,Amphetamine (or other stimulant)-induced anxiety disorder With mild use disorder,,Diagnosis,,N/A,,,,,,,,ICD 10 - CM,F1S.180,SAME-AS,,,
,Amphetamine (or other stimulant)-induced anxiety disorder With moderate or severe use disorder,,Diagnosis,,N/A,,,,,,,,ICD 10 - CM,F1S.280,SAME-AS,,,
,Amphetamine (or other stimulant)-induced anxiety disorder Without use disorder,,Diagnosis,,N/A,,,,,,,,ICD 10 - CM,F1S.980,SAME-AS,,,
,Amphetamine (or other stimulant)-induced bipolar and related disorder With mild use disorder,,Diagnosis,,N/A,,,,,,,,ICD 10 - CM,F1S.14,SAME-AS,,,
,Amphetamine (or other stimulant)-induced bipolar and related disorder With moderate or severe use disorder,,Diagnosis,,N/A,,,,,,,,ICD 10 - CM,F1S.24,SAME-AS,,,
,Amphetamine (or other stimulant)-induced bipolar and related disorder Without use disorder,,Diagnosis,,N/A,,,,,,,,ICD 10 - CM,F1S.94,SAME-AS,,,
,Amphetamine (or other stimulant)-induced delirium,,Diagnosis,,N/A,,,,,,,,ICD 10 - CM,F1S.921,SAME-AS,,,
,Amphetamine (or other stimulant)-induced depressive disorder With mild use disorder,,Diagnosis,,N/A,,,,,,,,ICD 10 - CM,F1S.14,SAME-AS,,,
,Amphetamine (or other stimulant)-induced depressive disorder With moderate or severe use disorder,,Diagnosis,,N/A,,,,,,,,ICD 10 - CM,F1S.24,SAME-AS,,,
,Amphetamine (or other stimulant)-induced depressive disorder Without use disorder,,Diagnosis,,N/A,,,,,,,,ICD 10 - CM,F1S.94,SAME-AS,,,
,Amphetamine (or other stimulant)-induced obsessive-compulsive and related disorder With mild use disorder,,Diagnosis,,N/A,,,,,,,,ICD 10 - CM,F1S.188,SAME-AS,,,
,Amphetamine (or other stimulant)-induced obsessive-compulsive and related disorder With moderate or severe use disorder,,Diagnosis,,N/A,,,,,,,,ICD 10 - CM,F1S.288,SAME-AS,,,
,Amphetamine (or other stimulant)-induced obsessive-compulsive and related disorder Without use disorder,,Diagnosis,,N/A,,,,,,,,ICD 10 - CM,F1S.988,SAME-AS,,,
,Amphetamine (or other stimulant)-induced psychotic disorder With mild use disorder,,Diagnosis,,N/A,,,,,,,,ICD 10 - CM,F1S.159,SAME-AS,,,
,Amphetamine (or other stimulant)-induced psychotic disorder With moderate or severe use disorder,,Diagnosis,,N/A,,,,,,,,ICD 10 - CM,F1S.259,SAME-AS,,,
,Amphetamine (or other stimulant)-induced psychotic disorder Without use disorder,,Diagnosis,,N/A,,,,,,,,ICD 10 - CM,F1S.959,SAME-AS,,,
,Amphetamine (or other stimulant)-induced sexual dysfunction With mild use disorder,,Diagnosis,,N/A,,,,,,,,ICD 10 - CM,F1S.181,SAME-AS,,,
,Amphetamine (or other stimulant)-induced sexual dysfunction With moderate or severe use disorder,,Diagnosis,,N/A,,,,,,,,ICD 10 - CM,F1S.281,SAME-AS,,,
,Amphetamine (or other stimulant)-induced sexual dysfunction Without use disorder,,Diagnosis,,N/A,,,,,,,,ICD 10 - CM,F1S.981,SAME-AS,,,
,Amphetamine (or other stimulant)-induced sleep disorder With mild use disorder,,Diagnosis,,N/A,,,,,,,,ICD 10 - CM,F1S.182,SAME-AS,,,
,Amphetamine (or other stimulant)-induced sleep disorder With moderate or severe use disorder,,Diagnosis,,N/A,,,,,,,,ICD 10 - CM,F1S.282,SAME-AS,,,
,Amphetamine (or other stimulant)-induced sleep disorder Without use disorder,,Diagnosis,,N/A,,,,,,,,ICD 10 - CM,F1S.982,SAME-AS,,,
,"Amphetamine or other stimulant intoxication, With perceptual disturbances With mild use disorder",,Diagnosis,,N/A,,,,,,,,ICD 10 - CM,F1S.122,SAME-AS,,,
,"Amphetamine or other stimulant intoxication, With perceptual disturbances With moderate or severe use disorder",,Diagnosis,,N/A,,,,,,,,ICD 10 - CM,F1S.222,SAME-AS,,,
,"Amphetamine or other stimulant intoxication, With perceptual disturbances Without use disorder",,Diagnosis,,N/A,,,,,,,,ICD 10 - CM,F1S.922,SAME-AS,,,
,"Amphetamine or other stimulant intoxication, Without perceptual disturbances With mild use disorder",,Diagnosis,,N/A,,,,,,,,ICD 10 - CM,F15.129,SAME-AS,,,
,"Amphetamine or other stimulant intoxication, Without perceptual disturbances With moderate or severe use disorder",,Diagnosis,,N/A,,,,,,,,ICD 10 - CM,F15.229,SAME-AS,,,
,"Amphetamine or other stimulant intoxication, Without perceptual disturbances Without use disorder",,Diagnosis,,N/A,,,,,,,,ICD 10 - CM,F15.929,SAME-AS,,,
,Amphetamine (or other stimulant) intoxication delirium With mild use disorder,,Diagnosis,,N/A,,,,,,,,ICD 10 - CM,F15.121,SAME-AS,,,
,Amphetamine (or other stimulant) intoxication delirium With moderate or severe use disorder,,Diagnosis,,N/A,,,,,,,,ICD 10 - CM,F15.221,SAME-AS,,,
,Amphetamine (or other stimulant) intoxication delirium Without use disorder,,Diagnosis,,N/A,,,,,,,,ICD 10 - CM,F15.921,SAME-AS,,,
,Amphetamine or other stimulant withdrawal,,Diagnosis,,N/A,,,,,,,,ICD 10 - CM,F15.23,SAME-AS,,,
,Amphetamine or other stimulant withdrawal Mild,,Diagnosis,,N/A,,,,,,,,ICD 10 - CM,F15.10,SAME-AS,,,
,Amphetamine or other stimulant withdrawal Moderate,,Diagnosis,,N/A,,,,,,,,ICD 10 - CM,F15.20,SAME-AS,,,
,Amphetamine or other stimulant withdrawal Severe,,Diagnosis,,N/A,,,,,,,,ICD 10 - CM,F15.20,SAME-AS,,,
,Anorexia nervosa Binge-eating/purging type,,Diagnosis,,N/A,,,,,,,,ICD 10 - CM,F50.02,SAME-AS,,,
,Anorexia nervosa Restricting type,,Diagnosis,,N/A,,,,,,,,ICD 10 - CM,F50.01,SAME-AS,,,
,Antidepressant discontinuation syndrome Initial encounter,,Diagnosis,,N/A,,,,,,,,ICD 10 - CM,T43.205A,SAME-AS,,,
,Antidepressant discontinuation syndrome Sequelae,,Diagnosis,,N/A,,,,,,,,ICD 10 - CM,T43.205S,SAME-AS,,,
,Antidepressant discontinuation syndrome Subsequent encounter,,Diagnosis,,N/A,,,,,,,,ICD 10 - CM,T43.205O,SAME-AS,,,
,Antisocial personality disorder,,Diagnosis,,N/A,,,,,,,,ICD 10 - CM,F60.2,SAME-AS,,,
,Anxiety disorder due to another medical condition,,Diagnosis,,N/A,,,,,,,,ICD 10 - CM,F06.4,SAME-AS,,,
,Attention-deficit/hyperactivity disorder Combined presentation,,Diagnosis,,N/A,,,,,,,,ICD 10 - CM,F90.2,SAME-AS,,,
,Attention-deficit/hyperactivity disorder Predominantly hyperactive/impulsive presentation,,Diagnosis,,N/A,,,,,,,,ICD 10 - CM,F90.1,SAME-AS,,,
,Attention-deficit/hyperactivity disorder Predominantly inattentive presentation,,Diagnosis,,N/A,,,,,,,,ICD 10 - CM,F90.0,SAME-AS,,,
,Autism spectrum disorder,,Diagnosis,,N/A,,,,,,,,ICD 10 - CM,F84.0,SAME-AS,,,
,Avoidant personality disorder,,Diagnosis,,N/A,,,,,,,,ICD 10 - CM,F60.6,SAME-AS,,,
,Avoidant/restrictive food intake disorder,,Diagnosis,,N/A,,,,,,,,ICD 10 - CM,F50.8,SAME-AS,,,
,Binge-eating disorder,,Diagnosis,,N/A,,,,,,,,ICD 10 - CM,F50.8,SAME-AS,,,
,"Bipolar I disorder, Current or most recent episode depressed In full remission",,Diagnosis,,N/A,,,,,,,,ICD 10 - CM,F31.76,SAME-AS,,,
,"Bipolar I disorder, Current or most recent episode depressed In partial remission",,Diagnosis,,N/A,,,,,,,,ICD 10 - CM,F31.75,SAME-AS,,,
,"Bipolar I disorder, Current or most recent episode depressed Mild",,Diagnosis,,N/A,,,,,,,,ICD 10 - CM,F31.31,SAME-AS,,,
,"Bipolar I disorder, Current or most recent episode depressed Moderate",,Diagnosis,,N/A,,,,,,,,ICD 10 - CM,F31.32,SAME-AS,,,
,"Bipolar I disorder, Current or most recent episode depressed Severe",,Diagnosis,,N/A,,,,,,,,ICD 10 - CM,F31.4,SAME-AS,,,
,"Bipolar I disorder, Current or most recent episode depressed With psychotic features",,Diagnosis,,N/A,,,,,,,,ICD 10 - CM,F31.5,SAME-AS,,,
,"Bipolar I disorder, Current or most recent episode depressed Unspecified",,Diagnosis,,N/A,,,,,,,,ICD 10 - CM,F31.9,SAME-AS,,,
,"Bipolar I disorder, Current or most recent episode hypomanic",,Diagnosis,,N/A,,,,,,,,ICD 10 - CM,F31.0,SAME-AS,,,
,"Bipolar I disorder, Current or most recent episode hypomanic In full remission",,Diagnosis,,N/A,,,,,,,,ICD 10 - CM,F31.74,SAME-AS,,,
,"Bipolar I disorder, Current or most recent episode hypomanic In partial remission",,Diagnosis,,N/A,,,,,,,,ICD 10 - CM,F31.73,SAME-AS,,,
,"Bipolar I disorder, Current or most recent episode hypomanic Unspecified",,Diagnosis,,N/A,,,,,,,,ICD 10 - CM,F31.9,SAME-AS,,,
,"Bipolar I disorder, Current or most recent episode manic In full remission",,Diagnosis,,N/A,,,,,,,,ICD 10 - CM,F31.74,SAME-AS,,,
,"Bipolar I disorder, Current or most recent episode manic In partial remission",,Diagnosis,,N/A,,,,,,,,ICD 10 - CM,F31.73,SAME-AS,,,
,"Bipolar I disorder, Current or most recent episode manic Mild",,Diagnosis,,N/A,,,,,,,,ICD 10 - CM,F31.11,SAME-AS,,,
,"Bipolar I disorder, Current or most recent episode manic Moderate",,Diagnosis,,N/A,,,,,,,,ICD 10 - CM,F31.12,SAME-AS,,,
,"Bipolar I disorder, Current or most recent episode manic Severe",,Diagnosis,,N/A,,,,,,,,ICD 10 - CM,F31.13,SAME-AS,,,
,"Bipolar I disorder, Current or most recent episode manic With psychotic features",,Diagnosis,,N/A,,,,,,,,ICD 10 - CM,F31.2,SAME-AS,,,
,"Bipolar I disorder, Current or most recent episode manic Unspecified",,Diagnosis,,N/A,,,,,,,,ICD 10 - CM,F31.9,SAME-AS,,,
,"Bipolar I disorder, Current or most recent episode unspecified",,Diagnosis,,N/A,,,,,,,,ICD 10 - CM,F31.9,SAME-AS,,,
,Bipolar II disorder,,Diagnosis,,N/A,,,,,,,,ICD 10 - CM,F31.81,SAME-AS,,,
,Bipolar and related disorder due to another medical condition With manic features,,Diagnosis,,N/A,,,,,,,,ICD 10 - CM,F06.33,SAME-AS,,,
,Bipolar and related disorder due to another medical condition With manic- or hypomanic-like episodes,,Diagnosis,,N/A,,,,,,,,ICD 10 - CM,F06.33,SAME-AS,,,
,Bipolar and related disorder due to another medical condition With mixed features,,Diagnosis,,N/A,,,,,,,,ICD 10 - CM,F06.34,SAME-AS,,,
,Body dysmorphic disorder,,Diagnosis,,N/A,,,,,,,,ICD 10 - CM,F45.22,SAME-AS,,,
,Borderline intellectual functioning,,Diagnosis,,N/A,,,,,,,,ICD 10 - CM,R41.83,SAME-AS,,,
,Borderline personality disorder,,Diagnosis,,N/A,,,,,,,,ICD 10 - CM,F60.3,SAME-AS,,,
,Brief psychotic disorder,,Diagnosis,,N/A,,,,,,,,ICD 10 - CM,F23,SAME-AS,,,
,Bulimia nervosa,,Diagnosis,,N/A,,,,,,,,ICD 10 - CM,F50.2,SAME-AS,,,
,Caffeine-induced anxiety disorder With mild use disorder,,Diagnosis,,N/A,,,,,,,,ICD 10 - CM,F15.180,SAME-AS,,,
,Caffeine-induced anxiety disorder With moderate or severe use disorder,,Diagnosis,,N/A,,,,,,,,ICD 10 - CM,F15.280,SAME-AS,,,
,Caffeine-induced anxiety disorder Without use disorder,,Diagnosis,,N/A,,,,,,,,ICD 10 - CM,F15.980,SAME-AS,,,
,Caffeine-induced sleep disorder With mild use disorder,,Diagnosis,,N/A,,,,,,,,ICD 10 - CM,F15.182,SAME-AS,,,
,Caffeine-induced sleep disorder With moderate or severe use disorder,,Diagnosis,,N/A,,,,,,,,ICD 10 - CM,F15.282,SAME-AS,,,
,Caffeine-induced sleep disorder Without use disorder,,Diagnosis,,N/A,,,,,,,,ICD 10 - CM,F15.982,SAME-AS,,,
,Caffeine intoxication,,Diagnosis,,N/A,,,,,,,,ICD 10 - CM,F15.929,SAME-AS,,,
,Caffeine withdrawal,,Diagnosis,,N/A,,,,,,,,ICD 10 - CM,F15.93,SAME-AS,,,
,Cannabis-induced anxiety disorder With mild use disorder,,Diagnosis,,N/A,,,,,,,,ICD 10 - CM,F12.180,SAME-AS,,,
,Cannabis-induced anxiety disorder With moderate or severe use disorder,,Diagnosis,,N/A,,,,,,,,ICD 10 - CM,F12.280,SAME-AS,,,
,Cannabis-induced anxiety disorder Without use disorder,,Diagnosis,,N/A,,,,,,,,ICD 10 - CM,F12.980,SAME-AS,,,
,Cannabis-induced psychotic disorder With mild use disorder,,Diagnosis,,N/A,,,,,,,,ICD 10 - CM,F12.159,SAME-AS,,,
,Cannabis-induced psychotic disorder With moderate or severe use disorder,,Diagnosis,,N/A,,,,,,,,ICD 10 - CM,F12.259,SAME-AS,,,
,Cannabis-induced psychotic disorder Without use disorder,,Diagnosis,,N/A,,,,,,,,ICD 10 - CM,F12.959,SAME-AS,,,
,Cannabis-induced sleep disorder With mild use disorder,,Diagnosis,,N/A,,,,,,,,ICD 10 - CM,F12.188,SAME-AS,,,
,Cannabis-induced sleep disorder With moderate or severe use disorder,,Diagnosis,,N/A,,,,,,,,ICD 10 - CM,F12.288,SAME-AS,,,
,Cannabis-induced sleep disorder Without use disorder,,Diagnosis,,N/A,,,,,,,,ICD 10 - CM,F12.988,SAME-AS,,,
,"Cannabis intoxication, With perceptual disturbances With mild use disorder",,Diagnosis,,N/A,,,,,,,,ICD 10 - CM,F12.122,SAME-AS,,,
,"Cannabis intoxication, With perceptual disturbances With moderate or severe use disorder",,Diagnosis,,N/A,,,,,,,,ICD 10 - CM,F12.222,SAME-AS,,,
,"Cannabis intoxication, With perceptual disturbances Without use disorder",,Diagnosis,,N/A,,,,,,,,ICD 10 - CM,F12.922,SAME-AS,,,
,"Cannabis intoxication, Without perceptual disturbances With mild use disorder",,Diagnosis,,N/A,,,,,,,,ICD 10 - CM,F12.129,SAME-AS,,,
,"Cannabis intoxication, Without perceptual disturbances With moderate or severe use disorder",,Diagnosis,,N/A,,,,,,,,ICD 10 - CM,F12.229,SAME-AS,,,
,"Cannabis intoxication, Without perceptual disturbances Without use disorder",,Diagnosis,,N/A,,,,,,,,ICD 10 - CM,F12.929,SAME-AS,,,
,Cannabis intoxication delirium With mild use disorder,,Diagnosis,,N/A,,,,,,,,ICD 10 - CM,F12.121,SAME-AS,,,
,Cannabis intoxication delirium With moderate or severe use disorder,,Diagnosis,,N/A,,,,,,,,ICD 10 - CM,F12.221,SAME-AS,,,
,Cannabis intoxication delirium Without use disorder,,Diagnosis,,N/A,,,,,,,,ICD 10 - CM,F12.921,SAME-AS,,,
,Cannabis use disorder Mild,,Diagnosis,,N/A,,,,,,,,ICD 10 - CM,F12.10,SAME-AS,,,
,Cannabis use disorder Moderate,,Diagnosis,,N/A,,,,,,,,ICD 10 - CM,F12.20,SAME-AS,,,
,Cannabis use disorder Severe,,Diagnosis,,N/A,,,,,,,,ICD 10 - CM,F12.20,SAME-AS,,,
,Cannabis withdrawal,,Diagnosis,,N/A,,,,,,,,ICD 10 - CM,F12.288,SAME-AS,,,
,Catatonia associated with another mental disorder (catatonia specifier),,Diagnosis,,N/A,,,,,,,,ICD 10 - CM,F06.1,SAME-AS,,,
,Catatonic disorder due to another medical condition,,Diagnosis,,N/A,,,,,,,,ICD 10 - CM,F06.l,SAME-AS,,,
,Central sleep apnea comorbid with opioid use,,Diagnosis,,N/A,,,,,,,,ICD 10 - CM,G47.37,SAME-AS,,,
,Central sleep apnea Cheyne-Stokes breathing,,Diagnosis,,N/A,,,,,,,,ICD 10 - CM,R06.3,SAME-AS,,,
,Idiopathic central sleep apnea,,Diagnosis,,N/A,,,,,,,,ICD 10 - CM,G47.31,SAME-AS,,,
,Child affected by parental relationship distress,,Diagnosis,,N/A,,,,,,,,ICD 10 - CM,Z62.898,SAME-AS,,,
,"Child neglect, Confirmed Initial encounter",,Diagnosis,,N/A,,,,,,,,ICD 10 - CM,T74.02XA,SAME-AS,,,
,"Child neglect, Confirmed Subsequent encounter",,Diagnosis,,N/A,,,,,,,,ICD 10 - CM,T74.02XD,SAME-AS,,,
,"Child neglect, Suspected Initial encounter",,Diagnosis,,N/A,,,,,,,,ICD 10 - CM,T76.02XA,SAME-AS,,,
,"Child neglect, Suspected Subsequent encounter",,Diagnosis,,N/A,,,,,,,,ICD 10 - CM,T76.02XD,SAME-AS,,,
,Child or adolescent antisocial behavior,,Diagnosis,,N/A,,,,,,,,ICD 10 - CM,Z72.810,SAME-AS,,,
,"Child physical abuse, Confirmed Initial encounter",,Diagnosis,,N/A,,,,,,,,ICD 10 - CM,T74.12XA,SAME-AS,,,
,"Child physical abuse, Confirmed Subsequent encounter",,Diagnosis,,N/A,,,,,,,,ICD 10 - CM,T74.12XD,SAME-AS,,,
,"Child physical abuse, Suspected Initial encounter",,Diagnosis,,N/A,,,,,,,,ICD 10 - CM,T76.12XA,SAME-AS,,,
,"Child physical abuse, Suspected Subsequent encounter",,Diagnosis,,N/A,,,,,,,,ICD 10 - CM,T76.12XD,SAME-AS,,,
,"Child psychological abuse, Confirmed Initial encounter",,Diagnosis,,N/A,,,,,,,,ICD 10 - CM,T74.32XA,SAME-AS,,,
,"Child psychological abuse, Confirmed Subsequent encounter",,Diagnosis,,N/A,,,,,,,,ICD 10 - CM,T74.32XD,SAME-AS,,,
,"Child psychological abuse, Suspected Initial encounter",,Diagnosis,,N/A,,,,,,,,ICD 10 - CM,T76.32XA,SAME-AS,,,
,"Child psychological abuse, Suspected Subsequent encounter",,Diagnosis,,N/A,,,,,,,,ICD 10 - CM,T76.32XD,SAME-AS,,,
,"Child sexual abuse, Confirmed Initial encounter",,Diagnosis,,N/A,,,,,,,,ICD 10 - CM,T74.22XA,SAME-AS,,,
,"Child sexual abuse, Confirmed Subsequent encounter",,Diagnosis,,N/A,,,,,,,,ICD 10 - CM,T74.22XD,SAME-AS,,,
,"Child sexual abuse, Suspected Initial encounter",,Diagnosis,,N/A,,,,,,,,ICD 10 - CM,T76.22XA,SAME-AS,,,
,"Child sexual abuse, Suspected Subsequent encounter",,Diagnosis,,N/A,,,,,,,,ICD 10 - CM,T76.22XD,SAME-AS,,,
,Childhood-onset fluency disorder (stuttering),,Diagnosis,,N/A,,,,,,,,ICD 10 - CM,F80.81,SAME-AS,,,
,Circadian rhythm sleep-wake disorders Advanced sleep phase type,,Diagnosis,,N/A,,,,,,,,ICD 10 - CM,G47.22,SAME-AS,,,
,Circadian rhythm sleep-wake disorders Delayed sleep phase type,,Diagnosis,,N/A,,,,,,,,ICD 10 - CM,G47.21,SAME-AS,,,
,Circadian rhythm sleep-wake disorders Irregular sleep-wake type,,Diagnosis,,N/A,,,,,,,,ICD 10 - CM,G47.23,SAME-AS,,,
,Circadian rhythm sleep-wake disorders Non-24-hour sleep-wake type,,Diagnosis,,N/A,,,,,,,,ICD 10 - CM,G47.24,SAME-AS,,,
,Circadian rhythm sleep-wake disorders Shift work type,,Diagnosis,,N/A,,,,,,,,ICD 10 - CM,G47.26,SAME-AS,,,
,Circadian rhythm sleep-wake disorders Unspecified type,,Diagnosis,,N/A,,,,,,,,ICD 10 - CM,G47.20,SAME-AS,,,
,Cocaine-induced anxiety disorder With mild use disorder,,Diagnosis,,N/A,,,,,,,,ICD 10 - CM,F14.180,SAME-AS,,,
,Cocaine-induced anxiety disorder With moderate or severe use disorder,,Diagnosis,,N/A,,,,,,,,ICD 10 - CM,F14.280,SAME-AS,,,
,Cocaine-induced anxiety disorder Without use disorder,,Diagnosis,,N/A,,,,,,,,ICD 10 - CM,F14.980,SAME-AS,,,
,Cocaine-induced bipolar and related disorder With mild use disorder,,Diagnosis,,N/A,,,,,,,,ICD 10 - CM,F14.14,SAME-AS,,,
,Cocaine-induced bipolar and related disorder With moderate or severe use disorder,,Diagnosis,,N/A,,,,,,,,ICD 10 - CM,F14.24,SAME-AS,,,
,Cocaine-induced bipolar and related disorder Without use disorder,,Diagnosis,,N/A,,,,,,,,ICD 10 - CM,F14.94,SAME-AS,,,
,Cocaine-induced depressive disorder With mild use disorder,,Diagnosis,,N/A,,,,,,,,ICD 10 - CM,F14.14,SAME-AS,,,
,Cocaine-induced depressive disorder With moderate or severe use disorder,,Diagnosis,,N/A,,,,,,,,ICD 10 - CM,F14.24,SAME-AS,,,
,Cocaine-induced depressive disorder Without use disorder,,Diagnosis,,N/A,,,,,,,,ICD 10 - CM,F14.94,SAME-AS,,,
,Cocaine-induced obsessive-compulsive and related disorder With mild use disorder,,Diagnosis,,N/A,,,,,,,,ICD 10 - CM,F14.188,SAME-AS,,,
,Cocaine-induced obsessive-compulsive and related disorder With moderate or severe use disorder,,Diagnosis,,N/A,,,,,,,,ICD 10 - CM,F14.288,SAME-AS,,,
,Cocaine-induced obsessive-compulsive and related disorder Without use disorder,,Diagnosis,,N/A,,,,,,,,ICD 10 - CM,F14.988,SAME-AS,,,
,Cocaine-induced psychotic disorder With mild use disorder,,Diagnosis,,N/A,,,,,,,,ICD 10 - CM,F14.159,SAME-AS,,,
,Cocaine-induced psychotic disorder With moderate or severe use disorder,,Diagnosis,,N/A,,,,,,,,ICD 10 - CM,F14.259,SAME-AS,,,
,Cocaine-induced psychotic disorder Without use disorder,,Diagnosis,,N/A,,,,,,,,ICD 10 - CM,F14.959,SAME-AS,,,
,Cocaine-induced sexual dysfunction With mild use disorder,,Diagnosis,,N/A,,,,,,,,ICD 10 - CM,F14.181,SAME-AS,,,
,Cocaine-induced sexual dysfunction With moderate or severe use disorder,,Diagnosis,,N/A,,,,,,,,ICD 10 - CM,F14.281,SAME-AS,,,
,Cocaine-induced sexual dysfunction Without use disorder ,,Diagnosis,,N/A,,,,,,,,ICD 10 - CM,F14.981,SAME-AS,,,
,Cocaine-induced sleep disorder With mild use disorder,,Diagnosis,,N/A,,,,,,,,ICD 10 - CM,F14.182,SAME-AS,,,
,Cocaine-induced sleep disorder With moderate or severe use disorder,,Diagnosis,,N/A,,,,,,,,ICD 10 - CM,F14.282,SAME-AS,,,
,Cocaine-induced sleep disorder Without use disorder,,Diagnosis,,N/A,,,,,,,,ICD 10 - CM,F14.982,SAME-AS,,,
,"Cocaine intoxication, With perceptual disturbances With mild use disorder",,Diagnosis,,N/A,,,,,,,,ICD 10 - CM,F14.122,SAME-AS,,,
,"Cocaine intoxication, With perceptual disturbances With moderate or severe use disorder",,Diagnosis,,N/A,,,,,,,,ICD 10 - CM,F14.222,SAME-AS,,,
,"Cocaine intoxication, With perceptual disturbances Without use disorder",,Diagnosis,,N/A,,,,,,,,ICD 10 - CM,F14.922,SAME-AS,,,
,"Cocaine intoxication, Without perceptual disturbances With mild use disorder",,Diagnosis,,N/A,,,,,,,,ICD 10 - CM,F14.129,SAME-AS,,,
,"Cocaine intoxication, Without perceptual disturbances  With moderate or severe use disorder ",,Diagnosis,,N/A,,,,,,,,ICD 10 - CM,F14.229,SAME-AS,,,
,"Cocaine intoxication, Without perceptual disturbances Without use disorder",,Diagnosis,,N/A,,,,,,,,ICD 10 - CM,F14.929,SAME-AS,,,
,Cocaine intoxication delirium With mild use disorder,,Diagnosis,,N/A,,,,,,,,ICD 10 - CM,F14.121,SAME-AS,,,
,Cocaine intoxication delirium With moderate or severe use disorder,,Diagnosis,,N/A,,,,,,,,ICD 10 - CM,F14.221,SAME-AS,,,
,Cocaine intoxication delirium Without use disorder,,Diagnosis,,N/A,,,,,,,,ICD 10 - CM,F14.921,SAME-AS,,,
,Cocaine use disorder Mild,,Diagnosis,,N/A,,,,,,,,ICD 10 - CM,F14.10,SAME-AS,,,
,Cocaine use disorder Moderate,,Diagnosis,,N/A,,,,,,,,ICD 10 - CM,F14.20,SAME-AS,,,
,Cocaine use disorder Severe,,Diagnosis,,N/A,,,,,,,,ICD 10 - CM,F14.20,SAME-AS,,,
,Cocaine withdrawal,,Diagnosis,,N/A,,,,,,,,ICD 10 - CM,F14.23,SAME-AS,,,
,Conduct disorder Adolescent-onset type,,Diagnosis,,N/A,,,,,,,,ICD 10 - CM,F91.2,SAME-AS,,,
,Conduct disorder Childhood-onset type,,Diagnosis,,N/A,,,,,,,,ICD 10 - CM,F91.1,SAME-AS,,,
,Conduct disorder Unspecified onset,,Diagnosis,,N/A,,,,,,,,ICD 10 - CM,F91.9,SAME-AS,,,
,Conversion disorder (functional neurological symptom disorder)With abnormal movement,,Diagnosis,,N/A,,,,,,,,ICD 10 - CM,F44.4,SAME-AS,,,
,Conversion disorder (functional neurological symptom disorder)With anesthesia or sensory loss,,Diagnosis,,N/A,,,,,,,,ICD 10 - CM,F44.6,SAME-AS,,,
,Conversion disorder (functional neurological symptom disorder)With attacks or seizures,,Diagnosis,,N/A,,,,,,,,ICD 10 - CM,F44.5,SAME-AS,,,
,Conversion disorder (functional neurological symptom disorder)With mixed symptoms,,Diagnosis,,N/A,,,,,,,,ICD 10 - CM,F44.7,SAME-AS,,,
,Conversion disorder (functional neurological symptom disorder)With special sensory symptoms,,Diagnosis,,N/A,,,,,,,,ICD 10 - CM,F44.6,SAME-AS,,,
,Conversion disorder (functional neurological symptom disorder)With speech symptoms,,Diagnosis,,N/A,,,,,,,,ICD 10 - CM,F44.4,SAME-AS,,,
,Conversion disorder (functional neurological symptom disorder)With swallowing symptoms,,Diagnosis,,N/A,,,,,,,,ICD 10 - CM,F44.4,SAME-AS,,,
,Conversion disorder (functional neurological symptom disorder)With weakness/paralysis,,Diagnosis,,N/A,,,,,,,,ICD 10 - CM,F44.4,SAME-AS,,,
,Conviction in civil or criminal proceedings without imprisonment,,Diagnosis,,N/A,,,,,,,,ICD 10 - CM,Z65.0,SAME-AS,,,
,Cyclothymic disorder,,Diagnosis,,N/A,,,,,,,,ICD 10 - CM,F34.0,SAME-AS,,,
,Delayed ejaculation,,Diagnosis,,N/A,,,,,,,,ICD 10 - CM,F52.32,SAME-AS,,,
,Delirium due to another medical condition,,Diagnosis,,N/A,,,,,,,,ICD 10 - CM,F0S,SAME-AS,,,
,Delirium due to multiple etiologies,,Diagnosis,,N/A,,,,,,,,ICD 10 - CM,F0S,SAME-AS,,,
,Delusional disorder,,Diagnosis,,N/A,,,,,,,,ICD 10 - CM,F22,SAME-AS,,,
,Dependent personality disorder,,Diagnosis,,N/A,,,,,,,,ICD 10 - CM,F60.7,SAME-AS,,,
,Depersonalization/derealization disorder,,Diagnosis,,N/A,,,,,,,,ICD 10 - CM,F48.1,SAME-AS,,,
,Depressive disorder due to another medical condition With depressive features,,Diagnosis,,N/A,,,,,,,,ICD 10 - CM,F06.31,SAME-AS,,,
,Depressive disorder due to another medical condition With major depressive-like episode,,Diagnosis,,N/A,,,,,,,,ICD 10 - CM,F06.32,SAME-AS,,,
,Depressive disorder due to another medical condition With mixed features,,Diagnosis,,N/A,,,,,,,,ICD 10 - CM,F06.34,SAME-AS,,,
,Developmental coordination disorder,,Diagnosis,,N/A,,,,,,,,ICD 10 - CM,F82,SAME-AS,,,
,"Discord with neighbor, lodger, or landlord",,Diagnosis,,N/A,,,,,,,,ICD 10 - CM,Z59.2,SAME-AS,,,
,"Discord with social service provider, including probation officer, case manager, or social services worker",,Diagnosis,,N/A,,,,,,,,ICD 10 - CM,264.4,SAME-AS,,,
,Disinhibited social engagement disorder,,Diagnosis,,N/A,,,,,,,,ICD 10 - CM,F94.2,SAME-AS,,,
,Disruption of family by separation or divorce,,Diagnosis,,N/A,,,,,,,,ICD 10 - CM,263.5,SAME-AS,,,
,Disruptive mood dysregulation disorder,,Diagnosis,,N/A,,,,,,,,ICD 10 - CM,F34.8,SAME-AS,,,
,Dissociative amnesia,,Diagnosis,,N/A,,,,,,,,ICD 10 - CM,F44.0,SAME-AS,,,
,"Dissociative amnesia, with dissociative fugue",,Diagnosis,,N/A,,,,,,,,ICD 10 - CM,F44.1,SAME-AS,,,
,Dissociative identity disorder,,Diagnosis,,N/A,,,,,,,,ICD 10 - CM,F44.81,SAME-AS,,,
,Encopresis,,Diagnosis,,N/A,,,,,,,,ICD 10 - CM,F98.1,SAME-AS,,,
,Enuresis,,Diagnosis,,N/A,,,,,,,,ICD 10 - CM,F98.0,SAME-AS,,,
,Erectile disorder,,Diagnosis,,N/A,,,,,,,,ICD 10 - CM,F52.21,SAME-AS,,,
,Excoriation (skin-picking) disorder,,Diagnosis,,N/A,,,,,,,,ICD 10 - CM,L98.1,SAME-AS,,,
,Exhibitionistic disorder,,Diagnosis,,N/A,,,,,,,,ICD 10 - CM,F65.2,SAME-AS,,,
,"Exposure to disaster, war, or other hostilities",,Diagnosis,,N/A,,,,,,,,ICD 10 - CM,265.5,SAME-AS,,,
,Extreme poverty,,Diagnosis,,N/A,,,,,,,,ICD 10 - CM,Z59.5,SAME-AS,,,
,Factitious disorder,,Diagnosis,,N/A,,,,,,,,ICD 10 - CM,F68.10,SAME-AS,,,
,Female orgasmic disorder,,Diagnosis,,N/A,,,,,,,,ICD 10 - CM,F52.31,SAME-AS,,,
,Female sexual interest/ arousal disorder,,Diagnosis,,N/A,,,,,,,,ICD 10 - CM,F52.22,SAME-AS,,,
,Fetishistic disorder,,Diagnosis,,N/A,,,,,,,,ICD 10 - CM,F65.0,SAME-AS,,,
,Frotteuristic disorder,,Diagnosis,,N/A,,,,,,,,ICD 10 - CM,F65.81,SAME-AS,,,
,Gambling disorder,,Diagnosis,,N/A,,,,,,,,ICD 10 - CM,F63.0,SAME-AS,,,
,Gender dysphoria in adolescents and adults,,Diagnosis,,N/A,,,,,,,,ICD 10 - CM,F64.1,SAME-AS,,,
,Gender dysphoria in children,,Diagnosis,,N/A,,,,,,,,ICD 10 - CM,F64.2,SAME-AS,,,
,Generalized anxiety disorder,,Diagnosis,,N/A,,,,,,,,ICD 10 - CM,F41.1,SAME-AS,,,
,Genito-pelvic pain/penetration disorder,,Diagnosis,,N/A,,,,,,,,ICD 10 - CM,F52.6,SAME-AS,,,
,Global developmental delay,,Diagnosis,,N/A,,,,,,,,ICD 10 - CM,F88,SAME-AS,,,
,Hallucinogen persisting perception disorder,,Diagnosis,,N/A,,,,,,,,ICD 10 - CM,F16.983,SAME-AS,,,
,High expressed emotion level within family,,Diagnosis,,N/A,,,,,,,,ICD 10 - CM,263.8,SAME-AS,,,
,Histrionic personality disorder,,Diagnosis,,N/A,,,,,,,,ICD 10 - CM,F60.4,SAME-AS,,,
,Hoarding disorder,,Diagnosis,,N/A,,,,,,,,ICD 10 - CM,F42,SAME-AS,,,
,Homelessness,,Diagnosis,,N/A,,,,,,,,ICD 10 - CM,259,SAME-AS,,,
,Hypersomnolence disorder,,Diagnosis,,N/A,,,,,,,,ICD 10 - CM,G47.10,SAME-AS,,,
,Illness anxiety disorder,,Diagnosis,,N/A,,,,,,,,ICD 10 - CM,F45.21,SAME-AS,,,
,Imprisonment or other incarceration,,Diagnosis,,N/A,,,,,,,,ICD 10 - CM,265.1,SAME-AS,,,
,Inadequate housing,,Diagnosis,,N/A,,,,,,,,ICD 10 - CM,259.1,SAME-AS,,,
,Inhalant-induced anxiety disorder With mild use disorder,,Diagnosis,,N/A,,,,,,,,ICD 10 - CM,F18.180,SAME-AS,,,
,Inhalant-induced anxiety disorder With moderate or severe use disorder Without use disorder,,Diagnosis,,N/A,,,,,,,,ICD 10 - CM,F18.280,SAME-AS,,,
,Inhalant-induced anxiety disorder Without use disorder,,Diagnosis,,N/A,,,,,,,,ICD 10 - CM,F18.980,SAME-AS,,,
,Inhalant-induced depressive disorder With mild use disorder,,Diagnosis,,N/A,,,,,,,,ICD 10 - CM,F18.14,SAME-AS,,,
,Inhalant-induced depressive disorder With moderate or severe use disorder ,,Diagnosis,,N/A,,,,,,,,ICD 10 - CM,F18.24,SAME-AS,,,
,Inhalant-induced depressive disorder Without use disorder,,Diagnosis,,N/A,,,,,,,,ICD 10 - CM,F18.94,SAME-AS,,,
,Inhalant-induced major neurocognitive disorder With mild use disorder,,Diagnosis,,N/A,,,,,,,,ICD 10 - CM,F18.17,SAME-AS,,,
,Inhalant-induced major neurocognitive disorder With moderate or severe use disorder ,,Diagnosis,,N/A,,,,,,,,ICD 10 - CM,F18.27,SAME-AS,,,
,Inhalant-induced major neurocognitive disorder Without use disorder,,Diagnosis,,N/A,,,,,,,,ICD 10 - CM,F18.97,SAME-AS,,,
,Inhalant-induced mild neurocognitive disorder With mild use disorder,,Diagnosis,,N/A,,,,,,,,ICD 10 - CM,F18.188 ,SAME-AS,,,
,Inhalant-induced mild neurocognitive disorder With moderate or severe use disorder ,,Diagnosis,,N/A,,,,,,,,ICD 10 - CM,F18.288,SAME-AS,,,
,Inhalant-induced mild neurocognitive disorder Without use disorder,,Diagnosis,,N/A,,,,,,,,ICD 10 - CM,F18.988,SAME-AS,,,
,Inhalant-induced psychotic disorder With mild use disorder,,Diagnosis,,N/A,,,,,,,,ICD 10 - CM,F18.159,SAME-AS,,,
,With moderate or severe use disorder Without use disorder,,Diagnosis,,N/A,,,,,,,,ICD 10 - CM,F18.259,SAME-AS,,,
,With moderate or severe use disorder Without use disorder,,Diagnosis,,N/A,,,,,,,,ICD 10 - CM,F18.959,SAME-AS,,,
,Inhalant intoxication With mild use disorder,,Diagnosis,,N/A,,,,,,,,ICD 10 - CM,F18.129,SAME-AS,,,
,Inhalant intoxication With moderate or severe use disorder ,,Diagnosis,,N/A,,,,,,,,ICD 10 - CM,F18.229,SAME-AS,,,
,Inhalant intoxication without use disorder,,Diagnosis,,N/A,,,,,,,,ICD 10 - CM,F18.929,SAME-AS,,,
,Inhalant intoxication delirium With mild use disorder,,Diagnosis,,N/A,,,,,,,,ICD 10 - CM,F18.121,SAME-AS,,,
,Inhalant intoxication delirium With moderate or severe use disorder ,,Diagnosis,,N/A,,,,,,,,ICD 10 - CM,F18.221 ,SAME-AS,,,
,Inhalant intoxication delirium Without use disorder,,Diagnosis,,N/A,,,,,,,,ICD 10 - CM, F18.921,SAME-AS,,,
,Inhalant use disorder Mild,,Diagnosis,,N/A,,,,,,,,ICD 10 - CM,F18.10,SAME-AS,,,
,Inhalant use disorder Moderate,,Diagnosis,,N/A,,,,,,,,ICD 10 - CM,F18.20,SAME-AS,,,
,Inhalant use disorder Severe,,Diagnosis,,N/A,,,,,,,,ICD 10 - CM,F18.20,SAME-AS,,,
,Insomnia disorder,,Diagnosis,,N/A,,,,,,,,ICD 10 - CM,G47.00,SAME-AS,,,
,Insufficient social insurance or welfare support,,Diagnosis,,N/A,,,,,,,,ICD 10 - CM,259.7,SAME-AS,,,
,Intellectual disability (intellectual developmental disorder) Mild,,Diagnosis,,N/A,,,,,,,,ICD 10 - CM,F70,SAME-AS,,,
,Intellectual disability (intellectual developmental disorder) Moderate ,,Diagnosis,,N/A,,,,,,,,ICD 10 - CM,F71,SAME-AS,,,
,Intellectual disability (intellectual developmental disorder) Profound,,Diagnosis,,N/A,,,,,,,,ICD 10 - CM,F73 ,SAME-AS,,,
,Intellectual disability (intellectual developmental disorder) Severe,,Diagnosis,,N/A,,,,,,,,ICD 10 - CM,F72,SAME-AS,,,
,Intermittent explosive disorder,,Diagnosis,,N/A,,,,,,,,ICD 10 - CM,F63.81,SAME-AS,,,
,Kleptomania,,Diagnosis,,N/A,,,,,,,,ICD 10 - CM,F63.3,SAME-AS,,,
,Lack of adequate food or safe drinking water,,Diagnosis,,N/A,,,,,,,,ICD 10 - CM,259.4,SAME-AS,,,
,Language disorder,,Diagnosis,,N/A,,,,,,,,ICD 10 - CM,F80.9,SAME-AS,,,
,Low income,,Diagnosis,,N/A,,,,,,,,ICD 10 - CM,259.6,SAME-AS,,,
,"Major depressive disorder, Recurrent episode In full remission",,Diagnosis,,N/A,,,,,,,,ICD 10 - CM,F33.42,SAME-AS,,,
,"Major depressive disorder, Recurrent episode In partial remission",,Diagnosis,,N/A,,,,,,,,ICD 10 - CM,F33.41,SAME-AS,,,
,"Major depressive disorder, Recurrent episode Mild",,Diagnosis,,N/A,,,,,,,,ICD 10 - CM,F33.0,SAME-AS,,,
,"Major depressive disorder, Recurrent episode Moderate",,Diagnosis,,N/A,,,,,,,,ICD 10 - CM,F33.1,SAME-AS,,,
,"Major depressive disorder, Recurrent episode Severe",,Diagnosis,,N/A,,,,,,,,ICD 10 - CM,F33.2,SAME-AS,,,
,"Major depressive disorder, Recurrent episode With psychotic features",,Diagnosis,,N/A,,,,,,,,ICD 10 - CM,F33.3,SAME-AS,,,
,"Major depressive disorder, Recurrent episode Unspecified",,Diagnosis,,N/A,,,,,,,,ICD 10 - CM,F33.9,SAME-AS,,,
,"Major depressive disorder, Single episode In full remission",,Diagnosis,,N/A,,,,,,,,ICD 10 - CM,F32.5,SAME-AS,,,
,"Major depressive disorder, Single episode In partial remission",,Diagnosis,,N/A,,,,,,,,ICD 10 - CM,F32.4,SAME-AS,,,
,"Major depressive disorder, Single episode Mild",,Diagnosis,,N/A,,,,,,,,ICD 10 - CM,F32.0,SAME-AS,,,
,"Major depressive disorder, Single episode Moderate",,Diagnosis,,N/A,,,,,,,,ICD 10 - CM,F32.1,SAME-AS,,,
,"Major depressive disorder, Single episode Severe",,Diagnosis,,N/A,,,,,,,,ICD 10 - CM,F32.2,SAME-AS,,,
,"Major depressive disorder, Single episode With psychotic features",,Diagnosis,,N/A,,,,,,,,ICD 10 - CM,F32.3,SAME-AS,,,
,"Major depressive disorder, Single episode Unspecifed",,Diagnosis,,N/A,,,,,,,,ICD 10 - CM,F32.9,SAME-AS,,,
,"Major frontotemporal neurocognitive disorder, Possible",,Diagnosis,,N/A,,,,,,,,ICD 10 - CM,G31.9,SAME-AS,,,
,"Major frontotemporal neurocognitive disorder, Probable With behavioral disturbance",,Diagnosis,,N/A,,,,,,,,ICD 10 - CM,F02.81,SAME-AS,,,
,"Major frontotemporal neurocognitive disorder, Probable Without behavioral disturbance",,Diagnosis,,N/A,,,,,,,,ICD 10 - CM,F02.80,SAME-AS,,,
,"Major neurocognitive disorder due to Alzheimer's disease, Possible",,Diagnosis,,N/A,,,,,,,,ICD 10 - CM,G31.9,SAME-AS,,,
,"Major neurocognitive disorder due to Alzheimer's disease, Probable With behavioral disturbance",,Diagnosis,,N/A,,,,,,,,ICD 10 - CM,F02.81,SAME-AS,,,
,"Major neurocognitive disorder due to Alzheimer's disease, Probable Without behavioral disturbance",,Diagnosis,,N/A,,,,,,,,ICD 10 - CM,F02.80,SAME-AS,,,
,Major neurocognitive disorder due to another medical condition With behavioral disturbance,,Diagnosis,,N/A,,,,,,,,ICD 10 - CM,F02.81,SAME-AS,,,
,Major neurocognitive disorder due to another medical condition Without behavioral disturbance,,Diagnosis,,N/A,,,,,,,,ICD 10 - CM,F02.80,SAME-AS,,,
,Major neurocognitive disorder due to HIV infection With behavioral disturbance,,Diagnosis,,N/A,,,,,,,,ICD 10 - CM,F02.81,SAME-AS,,,
,Major neurocognitive disorder due to HIV infection Without behavioral disturbance,,Diagnosis,,N/A,,,,,,,,ICD 10 - CM,F02.80,SAME-AS,,,
,Major neurocognitive disorder due to Huntington's disease With behavioral disturbance,,Diagnosis,,N/A,,,,,,,,ICD 10 - CM,F02.81,SAME-AS,,,
,Major neurocognitive disorder due to Huntington's disease Without behavioral disturbance,,Diagnosis,,N/A,,,,,,,,ICD 10 - CM,F02.80,SAME-AS,,,
,"Major neurocognitive disorder with Lewy bodies, Possible",,Diagnosis,,N/A,,,,,,,,ICD 10 - CM,G31.9,SAME-AS,,,
,"Major neurocognitive disorder with Lewy bodies, Probable With behavioral disturbance",,Diagnosis,,N/A,,,,,,,,ICD 10 - CM,F02.81,SAME-AS,,,
,"Major neurocognitive disorder with Lewy bodies, Probable Without behavioral disturbance",,Diagnosis,,N/A,,,,,,,,ICD 10 - CM,F02.80,SAME-AS,,,
,Major neurocognitive disorder due to multiple etiologies With behavioral disturbance,,Diagnosis,,N/A,,,,,,,,ICD 10 - CM,F02.81,SAME-AS,,,
,Major neurocognitive disorder due to multiple etiologies Without behavioral disturbance,,Diagnosis,,N/A,,,,,,,,ICD 10 - CM,F02.80,SAME-AS,,,
